use ConfiguraFacil;

delete from user where nif>1;
delete from type where type!="a";
delete from compCompativelModelo where modelo>0;
delete from modelo where id<99999;
delete from pacoteComp where pacote>0;
delete from pacote where id<99999;
delete from compIncompativel where comp1>0;
delete from compObrigatorio where comp1>0;
delete from componente where id>0;
delete from categoria where tipo!="a";
delete from cliente where id>0;
delete from encomenda where id>0;
delete from EncomendaPacote where id>0;

#---------------------User-------------------------
insert into type values ("Admin");
insert into type values ("FuncionarioLoja");
insert into type values ("FuncionarioFabril");
#---------------Tipo de Componente-----------------
insert into categoria values ("Motor");
insert into categoria values ("Transmissao");
insert into categoria values ("Jantes");
insert into categoria values ("Estofos");
insert into categoria values ("Sensores");
insert into categoria values ("Interior");
insert into categoria values ("Pneus");
insert into categoria values ("Iluminacao");
insert into categoria values ("Travoes");
insert into categoria values ("Climatizacao");
insert into categoria values ("Radio");
insert into categoria values ("Exterior");
insert into categoria values ("Chassis");
insert into categoria values ("Segurança");
insert into categoria values ("Garantia");
insert into categoria values ("Instrumentos");
#---------------Funcionario------------------------
insert into user values (254126987, "José Alves", "1", "1", "ze@mail.com","Admin");
insert into user values (234581456, "Rui Azevedo", "2", "2", "rui@mail.com","FuncionarioFabril");
insert into user values (223654852, "Pedro Paes", "3", "3", "pedro@mail.com", "FuncionarioLoja");
insert into user values (254178546, "Miriam Pinto", "4", "4", "miriam@mail.com", "FuncionarioLoja");
#---------------Modelo-----------------------------
insert into modelo values (1, "Carro 1", 50000);
insert into modelo values (2, "Carro 2", 30000);
insert into modelo values (3, "Carro 3", 150000);
#---------------Pacote-----------------------------
insert into pacote values (1, "Pacote de Iluminação", 400, 0.1);
insert into pacote values (2, "Pacote de Navegabilidade", 600, 0.7);
insert into pacote values (3, "Pacote de Confort", 750, 0.05);
insert into pacote values (4, "Pacote de Desportivo", 800, 0.1);
#---------------Componentes Base-------------------------
insert into componente values (1,"Motor 1.6d", 0, "Motor", 1000);
insert into componente values (2,"Motor 2.0d", 3587, "Motor", 1000);
insert into componente values (3,"Motor 2.0i", 3645, "Motor", 1000);
insert into componente values (4,"Motor 2.0hi", 5132, "Motor", 1000);
insert into componente values (5,"5 Velocidades", 0, "Transmissao", 1000);
insert into componente values (6,"6 Velocidades", 1562, "Transmissao", 1000);
insert into componente values (7,"Transmissao Automatica", 1500, "Transmissao", 1000);
insert into componente values (8,"DSG", 2145, "Transmissao", 1000);
insert into componente values (9,"Jantes 16''", 0, "Jantes", 1000);
insert into componente values (10,"Jantes 17''", 734, "Jantes", 1000);
insert into componente values (11,"Jantes 18''", 917,  "Jantes", 1000);
insert into componente values (12,"Tecido", 0, "Estofos", 1000);
insert into componente values (13,"Pele", 443, "Estofos", 1000);
insert into componente values (14,"Alcantara", 675, "Estofos", 1000);
#---------------Componentes Extra-------------------------
insert into componente values (15,"Radio de CD's", 73, "Radio", 1000);
insert into componente values (16,"Radio de MP3", 34, "Radio", 1000);
insert into componente values (17,"Radio com GPS", 277, "Radio", 1000);
insert into componente values (18,"Farois Xenon", 123, "Iluminacao", 1000);
insert into componente values (19,"Farois Bi-Xenon", 234, "Iluminacao", 1000);
insert into componente values (20,"Farois Tri-Xenon", 345, "Iluminacao", 1000);
insert into componente values (21,"Luz Interior Ambiente", 321, "Iluminacao", 1000);
insert into componente values (22,"Luzes Cortesia Atrás", 213, "Iluminacao", 1000);
insert into componente values (23,"Marca Branca", 40, "Pneus", 1000);
insert into componente values (24,"Continental", 289, "Pneus", 1000);
insert into componente values (25,"Michelin", 312, "Pneus", 1000);
insert into componente values (26,"Pneus Inverno", 342, "Pneus", 1000);
insert into componente values (27,"AC Manual", 2, "Climatizacao", 1000);
insert into componente values (28,"ECC", 20, "Climatizacao", 1000);
insert into componente values (29,"Para Brisas Aquecido", 645, "Climatizacao", 1000);
insert into componente values (30,"Desembaciador Espelhos", 153, "Climatizacao", 1000);
insert into componente values (31,"Aquecimento esfotos", 746, "Interior", 1000);
insert into componente values (32,"Dianteiro", 97, "Sensores", 1000);
insert into componente values (33,"Traseiro", 97, "Sensores", 1000);
insert into componente values (34,"Estacionamento", 177, "Sensores", 1000);
insert into componente values (35,"Barras Tejadilho", 248, "Exterior", 1000);
insert into componente values (36,"Tecto de Abrir", 798, "Exterior", 1000);
insert into componente values (37,"Bancos Desportivos", 635, "Interior", 1000);
insert into componente values (38,"Travões de Alto Desempenho", 1534, "Travoes", 1000);
insert into componente values (39,"Chassis Reforçado", 635, "Chassis", 1000);
insert into componente values (40,"Cadeira de Criança", 30, "Segurança", 1000);
insert into componente values (41,"Extensão 2 Anos", 500, "Garantia", 1000);
insert into componente values (42,"Extensão 5 Anos", 750, "Garantia", 1000);
insert into componente values (43,"Macaco electrico", 62, "Instrumentos", 1000);
#---------------compCompativelModelo------------------------
insert into compCompativelModelo values (1, 1);
insert into compCompativelModelo values (2, 1);
insert into compCompativelModelo values (3, 1);
insert into compCompativelModelo values (5, 1);
insert into compCompativelModelo values (6, 1);
insert into compCompativelModelo values (7, 1);
insert into compCompativelModelo values (9, 1);
insert into compCompativelModelo values (10, 1);
insert into compCompativelModelo values (12, 1);
insert into compCompativelModelo values (13, 1);
insert into compCompativelModelo values (14, 1);
insert into compCompativelModelo values (15, 1);
insert into compCompativelModelo values (16, 1);
insert into compCompativelModelo values (17, 1);
insert into compCompativelModelo values (18, 1);
insert into compCompativelModelo values (19, 1);
insert into compCompativelModelo values (20, 1);
insert into compCompativelModelo values (21, 1);
insert into compCompativelModelo values (22, 1);
insert into compCompativelModelo values (23, 1);
insert into compCompativelModelo values (24, 1);
insert into compCompativelModelo values (25, 1);
insert into compCompativelModelo values (26, 1);
insert into compCompativelModelo values (27, 1);
insert into compCompativelModelo values (28, 1);
insert into compCompativelModelo values (29, 1);
insert into compCompativelModelo values (30, 1);
insert into compCompativelModelo values (31, 1);
insert into compCompativelModelo values (32, 1);
insert into compCompativelModelo values (33, 1);
insert into compCompativelModelo values (34, 1);
insert into compCompativelModelo values (35, 1);
insert into compCompativelModelo values (36, 1);
insert into compCompativelModelo values (37, 1);
insert into compCompativelModelo values (38, 1);
insert into compCompativelModelo values (39, 1);
insert into compCompativelModelo values (40, 1);
insert into compCompativelModelo values (41, 1);
insert into compCompativelModelo values (42, 1);
insert into compCompativelModelo values (43, 1);
insert into compCompativelModelo values (1, 2);
insert into compCompativelModelo values (3, 2);
insert into compCompativelModelo values (5, 2);
insert into compCompativelModelo values (7, 2);
insert into compCompativelModelo values (9, 2);
insert into compCompativelModelo values (12, 2);
insert into compCompativelModelo values (13, 2);
insert into compCompativelModelo values (15, 2);
insert into compCompativelModelo values (16, 2);
insert into compCompativelModelo values (17, 2);
insert into compCompativelModelo values (18, 2);
insert into compCompativelModelo values (19, 2);
insert into compCompativelModelo values (20, 2);
insert into compCompativelModelo values (21, 2);
insert into compCompativelModelo values (22, 2);
insert into compCompativelModelo values (23, 2);
insert into compCompativelModelo values (24, 2);
insert into compCompativelModelo values (25, 2);
insert into compCompativelModelo values (26, 2);
insert into compCompativelModelo values (27, 2);
insert into compCompativelModelo values (28, 2);
insert into compCompativelModelo values (29, 2);
insert into compCompativelModelo values (30, 2);
insert into compCompativelModelo values (31, 2);
insert into compCompativelModelo values (32, 2);
insert into compCompativelModelo values (33, 2);
insert into compCompativelModelo values (34, 2);
insert into compCompativelModelo values (35, 2);
insert into compCompativelModelo values (36, 2);
insert into compCompativelModelo values (37, 2);
insert into compCompativelModelo values (38, 2);
insert into compCompativelModelo values (39, 2);
insert into compCompativelModelo values (40, 2);
insert into compCompativelModelo values (41, 2);
insert into compCompativelModelo values (42, 2);
-- insert into compCompativelModelo values (43, 2);
insert into compCompativelModelo values (4, 3);
insert into compCompativelModelo values (8, 3);
insert into compCompativelModelo values (11, 3);
insert into compCompativelModelo values (13, 3);
insert into compCompativelModelo values (14, 3);
insert into compCompativelModelo values (16, 3);
insert into compCompativelModelo values (17, 3);
insert into compCompativelModelo values (19, 3);
insert into compCompativelModelo values (20, 3);
insert into compCompativelModelo values (21, 3);
insert into compCompativelModelo values (24, 3);
insert into compCompativelModelo values (25, 3);
insert into compCompativelModelo values (26, 3);
insert into compCompativelModelo values (28, 3);
insert into compCompativelModelo values (29, 3);
insert into compCompativelModelo values (30, 3);
insert into compCompativelModelo values (31, 3);
insert into compCompativelModelo values (32, 3);
insert into compCompativelModelo values (33, 3);
insert into compCompativelModelo values (34, 3);
insert into compCompativelModelo values (36, 3);
insert into compCompativelModelo values (37, 3);
insert into compCompativelModelo values (38, 3);
insert into compCompativelModelo values (39, 3);
insert into compCompativelModelo values (40, 3);
insert into compCompativelModelo values (41, 3);
insert into compCompativelModelo values (42, 3);
insert into compCompativelModelo values (43, 2);
#---------------compIncompativel------------------------
insert into compIncompativel values (15, 16);
insert into compIncompativel values (16, 15);
insert into compIncompativel values (15, 17);
insert into compIncompativel values (16, 17);
insert into compIncompativel values (17, 16);
insert into compIncompativel values (17, 15);
insert into compIncompativel values (18, 19);
insert into compIncompativel values (18, 20);
insert into compIncompativel values (19, 18);
insert into compIncompativel values (19, 20);
insert into compIncompativel values (20, 19);
insert into compIncompativel values (20, 18);
insert into compIncompativel values (23, 24);
insert into compIncompativel values (23, 25);
insert into compIncompativel values (25, 23);
insert into compIncompativel values (23, 26);
insert into compIncompativel values (24, 25);
insert into compIncompativel values (24, 23);
insert into compIncompativel values (24, 26);
insert into compIncompativel values (26, 24);
insert into compIncompativel values (25, 26);
insert into compIncompativel values (26, 25);
insert into compIncompativel values (35, 36);
insert into compIncompativel values (36, 35);
insert into compIncompativel values (31, 37);
#---------------compObrigatorio------------------------
insert into compObrigatorio values (34, 33);
insert into compObrigatorio values (34, 32);
insert into compObrigatorio values (21, 22);
insert into compObrigatorio values (31, 30);
#---------------PacoteComp------------------------
insert into pacoteComp values (1, 20);
insert into pacoteComp values (1, 21);
insert into pacoteComp values (1, 22);
insert into pacoteComp values (2, 17);
insert into pacoteComp values (2, 25);
insert into pacoteComp values (3, 29);
insert into pacoteComp values (3, 30);
insert into pacoteComp values (3, 31);
insert into pacoteComp values (3, 32);
insert into pacoteComp values (3, 33);
insert into pacoteComp values (3, 34);
insert into pacoteComp values (4, 25);
insert into pacoteComp values (4, 20);
insert into pacoteComp values (4, 16);
insert into pacoteComp values (4, 36);
insert into pacoteComp values (4, 37);
insert into pacoteComp values (4, 38);
#---------------Users------------------------
insert into cliente values(1,"nestor","rua de cima","nestor@mail.com");

#---------------Encomendas------------------------
insert into encomenda values(1, 1, 1,55000.0,223654852, "multibanco");
insert into encomenda values(2, 1, 1,35000.0,223654852, "cash");

#---------------EncomendaComponente----------
insert into EncomendaComponente values(1,1);
insert into EncomendaComponente values(1,5);
insert into EncomendaComponente values(1,8);
insert into EncomendaComponente values(1,11);
insert into EncomendaComponente values(2,1);
insert into EncomendaComponente values(2,5);
insert into EncomendaComponente values(2,8);
insert into EncomendaComponente values(2,11);
insert into EncomendaComponente values(2,35);
insert into EncomendaComponente values(2,18);
