<?xml version="1.0" encoding="UTF-8" ?>
<!--
  ~ Copyright 2013 Universidade do Minho
  ~
  ~
  ~ Licensed under the Apache License, Version 2.0 (the "License"); you may not use this file except in compliance with the License.
  ~
  ~ You may obtain a copy of the License at
  ~
  ~    http://www.apache.org/licenses/LICENSE-2.0
  ~
  ~  Unless required by applicable law or agreed to in writing, software   distributed under the License is distributed on an "AS IS" BASIS,   WITHOUT WARRANTIES OR CONDITIONS OF ANY KIND, either express or implied.
  ~   See the License for the specific language governing permissions and limitations under the License.
  -->

<!DOCTYPE log4j:configuration SYSTEM "log4j.dtd">

<log4j:configuration xmlns:log4j='http://jakarta.apache.org/log4j/'>

	<appender name="CONSOLE" class="org.apache.log4j.ConsoleAppender"> 
           <layout class="org.apache.log4j.PatternLayout">
             <param name="ConversionPattern"
		    value="%d %-5p [%t] %C{2} (%F:%L) - %m%n"/>
           </layout>	    
	</appender>

	<appender name="ASYNC" class="org.apache.log4j.AsyncAppender">
           <layout class="org.apache.log4j.PatternLayout">
             <param name="ConversionPattern"
		    value="%d %-5p [%t] %C{2} (%F:%L) - %m%n"/>
           </layout>	    
   	   <appender-ref ref="CONSOLE" />
	</appender>

	<category name="escada.tpc">
	  <priority value="debug" />
	</category>

	<root>
	   <priority value ="warn" />
   	   <appender-ref ref="ASYNC" />
	</root>
	
</log4j:configuration>

<!-- arch-tag: 9279073c-4bc3-4a42-a897-bbb7e69a659f -->
