-- Universidade do Minho
-- Mestrado Integrado em Engenharia Informática
-- Unidade Curricular de Bases de Dados
-- 2018/2019
--
-- Caso de Estudo: 'Arquivo de Revistas'
-- Povoamento parcial da base de dados.
-- Autores: Bárbara Cardoso, José Alves, Miriam Pinto, Rui Azevedo

-- Base de dados do trabalho
USE Arquivo;

-- Povoamento da tabela 'Empresa'
INSERT INTO Empresa
     (ID, Nome, Cidade, Rua)
     VALUES
          (1 , 'Soberania do Povo Editora, S.A.'  , 'AGUADA DE BAIXO' , 'Avenida Dr. Eugénio Ribeiro, 89 - 3º ' ),
          (2 , 'Edições Saída de Emergência, Lda' , 'PORTO SALVO'     , 'Rua Profº Anibal Cavaco Silva '        ),
          (3 , 'Ocasião - Edições Periódicas, Lda', 'ALMADA'          , 'Rua CApitão Leitão, 66 N '             ),
          (4 , 'Dicas e Pistas, Lda'              , 'Lisboa'          , 'Rua Manuel Marques, 14, Loja H '       ),
          (5 , 'Tipografia Lobão, Lda'            , 'ALMADA'          , 'Rua Quinta do Gato Bravo, 5 '          ),
          (6 , 'Revista de Propriedades'          , 'CASCAIS'         , 'Rua Nova de Alfarrobeira, 8 '          ),
          (7 , 'Nugon-Publicações Representações' , 'LOURES'          , 'Rua Nelson Pereira Neves, Lojas 1 e 2 '),
          (8 , 'Mundo Português'                  , 'LISBOA'          , 'Avenida Elias Garcia, 57 - 7º  '       ),
          (9 , 'RBA Revistas Portugal'            , 'LISBOA'          , 'Rua Filipe Folque, 40 - 4º  '          ),
          (10, 'Empresa Região de Leiria'         , 'LEIRIA'          , 'Rua Dom Carlos I, 2-4 '                ),
          (11, 'Edições Plural Especializadas'    , 'LISBOA'          , 'Avenida Duque de Ávila, 69 '           ),
          (12, 'Company One - Publicações'        , 'LISBOA'          , 'Avenida Almirante Reis, 39 '           ),
          (13, 'Empresa Jornalística O Eco'       , 'POMBAL'          , 'Largo do Carmo, 20 - R/C Esqº '        ),
          (14, 'Publiotel, Lda'                   , 'LISBOA'          , 'Rua General Firmino Miguel, 3 '        ),
          (15, 'PM Media'                         , 'MATOSINHOS'      , 'Rua António Nobre, 23'                 ),
          (16, 'Ideias, Projectos e Publicações'  , 'ESTORIL'         , 'Avenida Senhora Monte da Saúde, 319 C '),
          (17, 'Editorial Grupo V Portugal, Lda'  , 'LISBOA'          , 'Campor Grande, 56 - 7ºA '              ),
          (18, 'Júlio Manuel Otero, Lda'          , 'PAIO PIRES'      , 'Praceta José Sebastião e Silva'        ),
          (19, 'Edições Cotovia, Lda'             , 'LISBOA'          , 'Rua Nova da Trindade, 24 '             ),
          (20, 'Sediton'                          , 'TONDELA'         , 'Rua Dr. António Marques da Costa '     ),
          (21, 'Editorial Caminho, S.A.'          , 'AMADORA'         , 'Rua Cidade de Cordova, 2 '             ),
          (22, 'IF Executives        '            , 'LISBOA'          , 'Rua Basílio Teles, 35 - 1º Dtº '       ),
          (23, 'Brandscape, Lda'                  , 'LISBOA'          , 'Rua das Fontaínhas Nº 74 '             ),
          (24, 'Armazens Cesar De Carvalho'       , 'BARQUINHA'       , 'Estrada Nacional 3, Km 87 '            ),
          (25, '2020 Editora, Lda'                , 'ALMADA'          , 'Rua Alfredo Da Silva Nr. 12 '          ),
          (26, 'Paulus Editora'                   , 'LISBOA'          , 'Rua Dom Pedro Cristo, Nr. 10/12 '      ),
          (27, 'Rui Romano - Edições'             , 'LISBOA'          , 'Rua Filipe Foque, 2, Loja 2 C/D '      ),
          (28, 'Goody - Consultoria S.A.'         , 'LISBOA'          , 'Avenida Infante D. Henrique, 306'      ),
          (29, 'Euromedice - Edições'             , 'ALGÉS'           , 'Alameda António Sérgio, 22, 4º B '     ),
          (30, 'Sociedade Vicra Desportiva, S.A.' , 'LISBOA'          , 'Travessa da Queimada, 23'              ),
          (99, 'Particular'                       , ''                , ''                                      );
 
--------------------------------------------------------------------------------
-- Povoamento da tabela 'Contacto'
INSERT INTO Contactos
     (Empresa_ID, Contacto)
     VALUES
          (1 , '234123654'),
          (1 , '234176454'),
          (2 , '200234874'),
          (3 , '212267856'),
          (4 , '213143256'),
          (4 , '213574656'),
          (4 , '213807980'),
          (5 , '212783256'),
          (6 , '211823454'),
          (7 , '214252474'),
          (8 , '213345556'),
          (8 , '213346344'),
          (9 , '213143568'),
          (10, '221782434'),
          (11, '213457457'),
          (12, '213874374'),
          (13, '248464556'),
          (14, '213434756'),
          (15, '251667256'),
          (15, '251668653'),
          (15, '251667678'),
          (16, '204537346'),
          (17, '213287355'),
          (18, '231556445'),
          (18, '231655445'),
          (19, '213754576'),
          (20, '226898543'),
          (21, '215535458'),
          (21, '215876467'),
          (21, '215565723'),
          (22, '213468346'),
          (23, '213485635'),
          (23, '213454573'),
          (24, '255756357'),
          (23, '213485643'),
          (23, '213467565'),
          (23, '213485432'),
          (26, '213785795'),
          (27, '213756576'),
          (28, '213785635'),
          (29, '211894463'),
          (29, '211898763'),
          (29, '211436563'),
          (30, '213673457');

--------------------------------------------------------------------------------
-- Povoamento da tabela 'Anuncio'
INSERT INTO Anuncio
     (ID, Titulo, Conteudo, Categoria, NrConsultas, Contacto, Empresa_ID)
     VALUES
          (1 , 'Vendo T2+1', 'Vendo t2+1 lindo, espetucular e fantástico', 'Imóveis', FLOOR(RAND()*(1)+30),'543216722', 99),
          (2 , 'Renault Clio 1.9d', '73km, Gasolina, 2018, 16.250€' , 'Automóveis', FLOOR(RAND()*(1)+30), '123456722', 99),
          (3 , 'Vendo Sogra', 'Otima dona de casa, pena é ser chata' , 'Bricolage', FLOOR(RAND()*(1)+30), '123476511', 4),
          (4 , 'Fato', 'Vendo fato para caça submarina' , 'Desporto', FLOOR(RAND()*(1)+30), '123456722', 99),
          (5 , 'Rede para Peixe', 'Vendo rede de peixe para caça submarina ' , 'Desporto', FLOOR(RAND()*(1)+30), '123456722', 99),
          (6 , 'Vendo T3+4', 'Apartamento em otimas condições - 150 000€' , 'Imóveis', FLOOR(RAND()*(1)+30), '123456722', 99),
          (7 , 'Procura-se funcionário de restauracao', 'Restaurante Sabor da Fruta 400€/mês' , 'Emprego', FLOOR(RAND()*(1)+30), '123456722', 99),
          (8 , 'Vestido de cerimónio', 'Vendo vestido de cerimónia 15€' , 'Moda', FLOOR(RAND()*(1)+30), '123456722', 99),
          (9 , 'Fato Homem', 'Vendo fato de homem 15€' , 'Moda', FLOOR(RAND()*(1)+30), '123456722', 99),
          (10, 'SweatShirt', 'Vendo SweatShirt 30€' , 'Moda', FLOOR(RAND()*(1)+30), '123456722', 99),
          (11, 'Nikon 3500-D', 'Vendo Nikon nova em folha - 500€' , 'Tecnologia', FLOOR(RAND()*(1)+30), '123456722', 99),
          (12, 'Vendo computador LeNovo', 'Vendo computador Lenovo como novo - 1550€' , 'Tecnologia', FLOOR(RAND()*(1)+30), '123456722', 99),
          (13, 'Maquina de aquecimento em banho maria', 'Maquina com 5 anos - 300€' , 'Casa e Jardim', FLOOR(RAND()*(1)+30), '123456722', 99),
          (14, 'Máquina de soldar', 'Maquina de soldar com 30 anos - 3500€' , 'Casa e Jardim', FLOOR(RAND()*(1)+30), '123456722', 99),
          (15, 'Guincho elétrico', 'Guincho novinho em folha - 2€' , 'Casa e Jardim', FLOOR(RAND()*(1)+30), '123456722', 99),
          (16, 'Telhas Diversas', 'Vendo telhas velhas novinhas em folha' , 'Casa e Jardim', FLOOR(RAND()*(1)+30), '123456722', 99),
          (17, 'Gerador', 'Gerador com muita capacidade de gasóleo' , 'Casa e Jardim', FLOOR(RAND()*(1)+30), '123456722', 99),
          (18, 'Compro discos de vinil', 'Compro discos de vinil de jazz moderno' , 'Música', FLOOR(RAND()*(1)+30), '123456722', 99),
          (19, 'Vendo discos de vinil', 'Tenho discos de vinil para despachar - 10€/unidade' , 'Música', FLOOR(RAND()*(1)+30), '123456722', 99),
          (20, 'Vendo guitarra acústica', 'Guitarra acústica com 30 anos - 450€' , 'Música', FLOOR(RAND()*(1)+30), '123456722', 99),
          (21, 'Amplificador Marshall XPTO', 'Vendo amplificador Marshall com 30 anos - 3500€' , 'Música', FLOOR(RAND()*(1)+30), '123456722', 99),
          (22, 'Gibson SG', 'Compro Gibson SG a bom preço' , 'Música', FLOOR(RAND()*(1)+30), '123456722', 99),
          (23, 'Vendo rasteirinho', 'Vendo rasteirinho fofinho' , 'Animais', FLOOR(RAND()*(1)+30), '123456722', 99),
          (24, 'Vendo unicornio', 'Vendo unicornio de corrida' , 'Animais', FLOOR(RAND()*(1)+30), '123456722', 99),
          (25, 'Compro macaco', 'Quem tiver um macaco a vender que comunique' , 'Animais', FLOOR(RAND()*(1)+30), '123456722', 9),
          (26, 'Tatuador', 'Tatuador na zona de braga 15€/tatuagem' , 'Serviços', FLOOR(RAND()*(1)+30), '123456722', 99),
          (27, 'Arranja canos', 'Arranjo canos de esgoto na zona de Aveiro' , 'Serviços', FLOOR(RAND()*(1)+30), '123456722', 99),
          (28, 'Músico profissional', 'Musico profissional, instrumento guitarra' , 'Música', FLOOR(RAND()*(1)+30), '123456722', 99),
          (29, 'Canalizador', 'Canalizador na zona de Parada de Tibães' , 'Serviços', FLOOR(RAND()*(1)+30), '123456722', 99),
          (30, 'Massagem', 'Faço massagens 30€/hora', 'Serviços', FLOOR(RAND()*(1)+30), '123456722', 99),
          (31, 'Transportes Mudanças', 'Mudanças 15€/hora' , 'Serviços', FLOOR(RAND()*(1)+30), '123456722', 99),
          (32, 'Bolas da FIFA', 'Vendo bolas de futebol 300€/bola' , 'Desporto', FLOOR(RAND()*(1)+30), '123456722', 99),
          (33, 'Calções de futebol', 'Vendo calções de futebol 30€/unidade' , 'Desporto', FLOOR(RAND()*(1)+30), '123456722', 99),
          (34, 'Procuro emprego', 'Procuro qualquer emprego' , 'Emprego', FLOOR(RAND()*(1)+30), '123456722', 99),
          (35, 'Empregado de mesa', 'Procura-se empregado de mesa - 30€/hora' , 'Emprego', FLOOR(RAND()*(1)+30), '123456722', 99);

--------------------------------------------------------------------------------
-- Povoamento da tabela 'Editor'
INSERT INTO Editor
     (ID, Nome)
     VALUES
          (1 , 'José Carlos Malato'),
          (2 , 'Ferro Rodrigues'),
          (3 , 'Vasco Carvalho'),
          (4 , 'José Sampaio'),
          (5 , 'Rui Pires'),
          (6 , 'João Teixeira'),
          (7 , 'Carlos Costa'),
          (8 , 'Sandro Ferreira'),
          (9 , 'Melissa Bumstead'),
          (10, 'Cristian Harbor'),
          (11, 'Samuel Ferreira'),
          (12, 'Miguel Mendes'),
          (13, 'Luis Campelos'),
          (14, 'Luanda Matos'),
          (15, 'Regina Miguel'),
          (16, 'Larissa Sampaio'),
          (17, 'José Alves'),
          (18, 'Miriam Pinto'),
          (19, 'Rui Azevedo'),
          (20, 'Barbara Cardoso');

--------------------------------------------------------------------------------
-- Povoamento da tabela 'Revista'
INSERT INTO Revista
     (ID, Empresa_ID, Nome, Edicao, Categoria, NrConsultas, Editor_ID)
     VALUES
          (1 , 2, 'Fofoquices com a Vizinha', '2018-01-07', 'Ela'           , FLOOR(RAND()*(200)+799), 1),
          (4 , 2, 'Fofoquices com a Vizinha', '2018-04-07', 'Ela'           , FLOOR(RAND()*(200)+799), 1),
          (7 , 2, 'Fofoquices com a Vizinha', '2018-07-07', 'Ela'           , FLOOR(RAND()*(200)+799), 5),
          (10, 2, 'Fofoquices com a Vizinha', '2018-10-07', 'Ela'           , FLOOR(RAND()*(200)+799), 4),
          (12, 8, 'Visão'                   , '2018-01-01', 'TV e Sociedade', FLOOR(RAND()*(200)+799), 2),
          (13, 8, 'Visão'                   , '2018-02-01', 'TV e Sociedade', FLOOR(RAND()*(200)+799), 3),
          (14, 8, 'Visão'                   , '2018-03-01', 'TV e Sociedade', FLOOR(RAND()*(200)+799), 9),
          (15, 8, 'Visão'                   , '2018-04-01', 'TV e Sociedade', FLOOR(RAND()*(200)+799), 20),
          (16, 8, 'Visão'                   , '2018-05-01', 'TV e Sociedade', FLOOR(RAND()*(200)+799), 14),
          (17, 8, 'Visão'                   , '2018-06-01', 'TV e Sociedade', FLOOR(RAND()*(200)+799), 2),
          (18, 8, 'Visão'                   , '2018-07-01', 'TV e Sociedade', FLOOR(RAND()*(200)+799), 2),
          (19, 8, 'Visão'                   , '2018-08-01', 'TV e Sociedade', FLOOR(RAND()*(200)+799), 3),
          (20, 8, 'Visão'                   , '2018-09-01', 'TV e Sociedade', FLOOR(RAND()*(200)+799), 3),
          (21, 8, 'Visão'                   , '2018-10-01', 'TV e Sociedade', FLOOR(RAND()*(200)+799), 3),
          (22, 8, 'Visão'                   , '2018-11-01', 'TV e Sociedade', FLOOR(RAND()*(200)+799), 3),
          (31, 1, 'Sábado'                  , '2018-01-11', 'TV e Sociedade', FLOOR(RAND()*(200)+799), 2),
          (32, 1, 'Sábado'                  , '2018-02-11', 'TV e Sociedade', FLOOR(RAND()*(200)+799), 3),
          (33, 1, 'Sábado'                  , '2018-03-11', 'TV e Sociedade', FLOOR(RAND()*(200)+799), 9),
          (34, 1, 'Sábado'                  , '2018-04-11', 'TV e Sociedade', FLOOR(RAND()*(200)+799), 20),
          (35, 1, 'Sábado'                  , '2018-05-11', 'TV e Sociedade', FLOOR(RAND()*(200)+799), 14),
          (36, 1, 'Sábado'                  , '2018-06-11', 'TV e Sociedade', FLOOR(RAND()*(200)+799), 6),
          (37, 1, 'Sábado'                  , '2018-07-11', 'TV e Sociedade', FLOOR(RAND()*(200)+799), 2),
          (38, 1, 'Sábado'                  , '2018-08-11', 'TV e Sociedade', FLOOR(RAND()*(200)+799), 3),
          (39, 1, 'Sábado'                  , '2018-09-11', 'TV e Sociedade', FLOOR(RAND()*(200)+799), 15),
          (40, 1, 'Sábado'                  , '2018-10-11', 'TV e Sociedade', FLOOR(RAND()*(200)+799), 12),
          (41, 1, 'Sábado'                  , '2018-11-11', 'TV e Sociedade', FLOOR(RAND()*(200)+799), 7),
          (51, 8, 'Caras'                   , '2018-01-24', 'TV e Sociedade', FLOOR(RAND()*(200)+799), 2),
          (52, 8, 'Caras'                   , '2018-02-24', 'TV e Sociedade', FLOOR(RAND()*(200)+799), 3),
          (53, 8, 'Caras'                   , '2018-03-24', 'TV e Sociedade', FLOOR(RAND()*(200)+799), 9),
          (54, 8, 'Caras'                   , '2018-04-24', 'TV e Sociedade', FLOOR(RAND()*(200)+799), 20),
          (55, 8, 'Caras'                   , '2018-05-24', 'TV e Sociedade', FLOOR(RAND()*(200)+799), 14),
          (56, 8, 'Caras'                   , '2018-06-24', 'TV e Sociedade', FLOOR(RAND()*(200)+799), 6),
          (57, 8, 'Caras'                   , '2018-07-24', 'TV e Sociedade', FLOOR(RAND()*(200)+799), 2),
          (58, 8, 'Caras'                   , '2018-08-24', 'TV e Sociedade', FLOOR(RAND()*(200)+799), 3),
          (59, 8, 'Caras'                   , '2018-09-24', 'TV e Sociedade', FLOOR(RAND()*(200)+799), 15),
          (60, 8, 'Caras'                   , '2018-10-24', 'TV e Sociedade', FLOOR(RAND()*(200)+799), 12),
          (61, 8, 'Caras'                   , '2018-11-24', 'TV e Sociedade', FLOOR(RAND()*(200)+799), 7),
          (73, 1, 'Lux'                     , '2018-03-24', 'TV e Sociedade', FLOOR(RAND()*(200)+799), 9),
          (76, 1, 'Lux'                     , '2018-06-24', 'TV e Sociedade', FLOOR(RAND()*(200)+799), 6),
          (79, 1, 'Lux'                     , '2018-09-24', 'TV e Sociedade', FLOOR(RAND()*(200)+799), 15),
          (131, 3, 'Maria'                  , '2018-01-01', 'TV e Sociedade', FLOOR(RAND()*(200)+799), 4),
          (132, 3, 'Maria'                  , '2018-02-01', 'TV e Sociedade', FLOOR(RAND()*(200)+799), 8),
          (133, 3, 'Maria'                  , '2018-03-01', 'TV e Sociedade', FLOOR(RAND()*(200)+799), 8),
          (134, 3, 'Maria'                  , '2018-04-01', 'TV e Sociedade', FLOOR(RAND()*(200)+799), 4),
          (135, 3, 'Maria'                  , '2018-05-01', 'TV e Sociedade', FLOOR(RAND()*(200)+799), 4),
          (136, 3, 'Maria'                  , '2018-06-01', 'TV e Sociedade', FLOOR(RAND()*(200)+799), 13),
          (137, 3, 'Maria'                  , '2018-07-01', 'TV e Sociedade', FLOOR(RAND()*(200)+799), 20),
          (138, 3, 'Maria'                  , '2018-08-01', 'TV e Sociedade', FLOOR(RAND()*(200)+799), 19),
          (139, 3, 'Maria'                  , '2018-09-01', 'TV e Sociedade', FLOOR(RAND()*(200)+799), 18),
          (140, 3, 'Maria'                  , '2018-10-01', 'TV e Sociedade', FLOOR(RAND()*(200)+799), 12),
          (141, 3, 'Maria'                  , '2018-11-01', 'TV e Sociedade', FLOOR(RAND()*(200)+799), 7),
          (251, 8, 'Gente'                  , '2018-01-05', 'TV e Sociedade', FLOOR(RAND()*(200)+799), 2),
          (252, 4, 'Gente'                  , '2018-02-05', 'TV e Sociedade', FLOOR(RAND()*(200)+799), 3),
          (253, 4, 'Gente'                  , '2018-03-05', 'TV e Sociedade', FLOOR(RAND()*(200)+799), 9),
          (254, 4, 'Gente'                  , '2018-04-05', 'TV e Sociedade', FLOOR(RAND()*(200)+799), 20),
          (255, 4, 'Gente'                  , '2018-05-05', 'TV e Sociedade', FLOOR(RAND()*(200)+799), 14),
          (256, 4, 'Gente'                  , '2018-06-05', 'TV e Sociedade', FLOOR(RAND()*(200)+799), 6),
          (257, 4, 'Gente'                  , '2018-07-05', 'TV e Sociedade', FLOOR(RAND()*(200)+799), 2),
          (258, 4, 'Gente'                  , '2018-08-05', 'TV e Sociedade', FLOOR(RAND()*(200)+799), 3),
          (259, 4, 'Gente'                  , '2018-09-05', 'TV e Sociedade', FLOOR(RAND()*(200)+799), 15),
          (260, 4, 'Gente'                  , '2018-10-05', 'TV e Sociedade', FLOOR(RAND()*(200)+799), 12),
          (261, 4, 'Gente'                  , '2018-11-05', 'TV e Sociedade', FLOOR(RAND()*(200)+799), 7),
          (351, 5, 'TV Mais'                , '2018-01-15', 'TV e Sociedade', FLOOR(RAND()*(200)+799), 16),
          (352, 5, 'TV Mais'                , '2018-02-15', 'TV e Sociedade', FLOOR(RAND()*(200)+799), 17),
          (353, 5, 'TV Mais'                , '2018-03-15', 'TV e Sociedade', FLOOR(RAND()*(200)+799), 19),
          (354, 5, 'TV Mais'                , '2018-04-15', 'TV e Sociedade', FLOOR(RAND()*(200)+799), 20),
          (355, 5, 'TV Mais'                , '2018-05-15', 'TV e Sociedade', FLOOR(RAND()*(200)+799), 14),
          (356, 5, 'TV Mais'                , '2018-06-15', 'TV e Sociedade', FLOOR(RAND()*(200)+799), 6),
          (357, 5, 'TV Mais'                , '2018-07-15', 'TV e Sociedade', FLOOR(RAND()*(200)+799), 20),
          (358, 5, 'TV Mais'                , '2018-08-15', 'TV e Sociedade', FLOOR(RAND()*(200)+799), 13),
          (359, 5, 'TV Mais'                , '2018-09-15', 'TV e Sociedade', FLOOR(RAND()*(200)+799), 5),
          (360, 5, 'TV Mais'                , '2018-10-15', 'TV e Sociedade', FLOOR(RAND()*(200)+799), 2),
          (361, 5, 'TV Mais'                , '2018-11-15', 'TV e Sociedade', FLOOR(RAND()*(200)+799), 7),
          (451, 5, 'Telenovelas'            , '2018-01-15', 'TV e Sociedade', FLOOR(RAND()*(200)+799), 16),
          (452, 5, 'Telenovelas'            , '2018-02-15', 'TV e Sociedade', FLOOR(RAND()*(200)+799), 17),
          (453, 5, 'Telenovelas'            , '2018-03-15', 'TV e Sociedade', FLOOR(RAND()*(200)+799), 19),
          (454, 5, 'Telenovelas'            , '2018-04-15', 'TV e Sociedade', FLOOR(RAND()*(200)+799), 20),
          (455, 5, 'Telenovelas'            , '2018-05-15', 'TV e Sociedade', FLOOR(RAND()*(200)+799), 14),
          (456, 5, 'Telenovelas'            , '2018-06-15', 'TV e Sociedade', FLOOR(RAND()*(200)+799), 6),
          (457, 5, 'Telenovelas'            , '2018-07-15', 'TV e Sociedade', FLOOR(RAND()*(200)+799), 20),
          (458, 5, 'Telenovelas'            , '2018-08-15', 'TV e Sociedade', FLOOR(RAND()*(200)+799), 13),
          (459, 5, 'Telenovelas'            , '2018-09-15', 'TV e Sociedade', FLOOR(RAND()*(200)+799), 5),
          (460, 5, 'Telenovelas'            , '2018-10-15', 'TV e Sociedade', FLOOR(RAND()*(200)+799), 2),
          (461, 5, 'Telenovelas'            , '2018-11-15', 'TV e Sociedade', FLOOR(RAND()*(200)+799), 7),
          (512, 6, 'Cristina'               , '2018-01-07', 'Ela'           , FLOOR(RAND()*(200)+799), 2),
          (513, 6, 'Cristina'               , '2018-02-07', 'Ela'           , FLOOR(RAND()*(200)+799), 3),
          (514, 6, 'Cristina'               , '2018-03-07', 'Ela'           , FLOOR(RAND()*(200)+799), 9),
          (515, 6, 'Cristina'               , '2018-04-07', 'Ela'           , FLOOR(RAND()*(200)+799), 20),
          (516, 6, 'Cristina'               , '2018-05-07', 'Ela'           , FLOOR(RAND()*(200)+799), 14),
          (517, 6, 'Cristina'               , '2018-06-07', 'Ela'           , FLOOR(RAND()*(200)+799), 2),
          (518, 6, 'Cristina'               , '2018-07-07', 'Ela'           , FLOOR(RAND()*(200)+799), 2),
          (519, 6, 'Cristina'               , '2018-08-07', 'Ela'           , FLOOR(RAND()*(200)+799), 3),
          (520, 6, 'Cristina'               , '2018-09-07', 'Ela'           , FLOOR(RAND()*(200)+799), 3),
          (521, 6, 'Cristina'               , '2018-10-07', 'Ela'           , FLOOR(RAND()*(200)+799), 3),
          (522, 6, 'Cristina'               , '2018-11-07', 'Ela'           , FLOOR(RAND()*(200)+799), 3),
          (673, 7, 'Cosmopolitan'           , '2018-03-24', 'Ela'           , FLOOR(RAND()*(200)+799), 9),
          (676, 7, 'Cosmopolitan'           , '2018-06-24', 'Ela'           , FLOOR(RAND()*(200)+799), 6),
          (679, 7, 'Cosmopolitan'           , '2018-09-24', 'Ela'           , FLOOR(RAND()*(200)+799), 15),
          (573, 7, 'ELLE'                   , '2018-03-26', 'Ela'           , FLOOR(RAND()*(200)+799), 9),
          (576, 7, 'ELLE'                   , '2018-06-26', 'Ela'           , FLOOR(RAND()*(200)+799), 6),
          (579, 7, 'ELLE'                   , '2018-09-26', 'Ela'           , FLOOR(RAND()*(200)+799), 15),
          (473, 9, 'Vogue'                  , '2018-03-24', 'Ela'           , FLOOR(RAND()*(200)+799), 9),
          (476, 9, 'Vogue'                  , '2018-06-24', 'Ela'           , FLOOR(RAND()*(200)+799), 6),
          (479, 9, 'Vogue'                  , '2018-09-24', 'Ela'           , FLOOR(RAND()*(200)+799), 15),
          (751, 10, 'Womens Health'         , '2018-01-15', 'Ela'           , FLOOR(RAND()*(200)+799), 16),
          (752, 10, 'Womens Health'         , '2018-02-15', 'Ela'           , FLOOR(RAND()*(200)+799), 17),
          (753, 10, 'Womens Health'         , '2018-03-15', 'Ela'           , FLOOR(RAND()*(200)+799), 19),
          (754, 10, 'Womens Health'         , '2018-04-15', 'Ela'           , FLOOR(RAND()*(200)+799), 20),
          (755, 10, 'Womens Health'         , '2018-05-15', 'Ela'           , FLOOR(RAND()*(200)+799), 14),
          (756, 10, 'Womens Health'         , '2018-06-15', 'Ela'           , FLOOR(RAND()*(200)+799), 6),
          (757, 10, 'Womens Health'         , '2018-07-15', 'Ela'           , FLOOR(RAND()*(200)+799), 20),
          (758, 10, 'Womens Health'         , '2018-08-15', 'Ela'           , FLOOR(RAND()*(200)+799), 13),
          (759, 10, 'Womens Health'         , '2018-09-15', 'Ela'           , FLOOR(RAND()*(200)+799), 5),
          (760, 10, 'Womens Health'         , '2018-10-15', 'Ela'           , FLOOR(RAND()*(200)+799), 2),
          (761, 10, 'Womens Health'         , '2018-11-15', 'Ela'           , FLOOR(RAND()*(200)+799), 7),
          (771, 10, 'Mens Health'           , '2018-01-15', 'Ele'           , FLOOR(RAND()*(200)+799), 16),
          (772, 10, 'Mens Health'           , '2018-02-15', 'Ele'           , FLOOR(RAND()*(200)+799), 17),
          (773, 10, 'Mens Health'           , '2018-03-15', 'Ele'           , FLOOR(RAND()*(200)+799), 19),
          (774, 10, 'Mens Health'           , '2018-04-15', 'Ele'           , FLOOR(RAND()*(200)+799), 20),
          (775, 10, 'Mens Health'           , '2018-05-15', 'Ele'           , FLOOR(RAND()*(200)+799), 14),
          (776, 10, 'Mens Health'           , '2018-06-15', 'Ele'           , FLOOR(RAND()*(200)+799), 6),
          (777, 10, 'Mens Health'           , '2018-07-15', 'Ele'           , FLOOR(RAND()*(200)+799), 20),
          (778, 10, 'Mens Health'           , '2018-08-15', 'Ele'           , FLOOR(RAND()*(200)+799), 13),
          (779, 10, 'Mens Health'           , '2018-09-15', 'Ele'           , FLOOR(RAND()*(200)+799), 5),
          (780, 10, 'Mens Health'           , '2018-10-15', 'Ele'           , FLOOR(RAND()*(200)+799), 2),
          (781, 10, 'Mens Health'           , '2018-11-15', 'Ele'           , FLOOR(RAND()*(200)+799), 7),
          (433, 11, 'Maxim'                 , '2018-03-24', 'Ele'           , FLOOR(RAND()*(200)+799), 9),
          (436, 11, 'Maxim'                 , '2018-06-24', 'Ele'           , FLOOR(RAND()*(200)+799), 6),
          (439, 11, 'Maxim'                 , '2018-09-24', 'Ele'           , FLOOR(RAND()*(200)+799), 15),
          (430, 12, 'GQ'                    , '2018-03-29', 'Ele'           , FLOOR(RAND()*(200)+799), 9),
          (431, 12, 'GQ'                    , '2018-06-29', 'Ele'           , FLOOR(RAND()*(200)+799), 6),
          (432, 12, 'GQ'                    , '2018-09-29', 'Ele'           , FLOOR(RAND()*(200)+799), 15),
          (711, 13, 'O Jogo'                , '2018-01-10', 'Ele'           , FLOOR(RAND()*(200)+799), 16),
          (712, 13, 'O Jogo'                , '2018-02-10', 'Ele'           , FLOOR(RAND()*(200)+799), 17),
          (713, 13, 'O Jogo'                , '2018-03-10', 'Ele'           , FLOOR(RAND()*(200)+799), 19),
          (714, 13, 'O Jogo'                , '2018-04-10', 'Ele'           , FLOOR(RAND()*(200)+799), 20),
          (715, 13, 'O Jogo'                , '2018-05-10', 'Ele'           , FLOOR(RAND()*(200)+799), 14),
          (716, 13, 'O Jogo'                , '2018-06-10', 'Ele'           , FLOOR(RAND()*(200)+799), 6),
          (717, 13, 'O Jogo'                , '2018-07-10', 'Ele'           , FLOOR(RAND()*(200)+799), 20),
          (718, 13, 'O Jogo'                , '2018-08-10', 'Ele'           , FLOOR(RAND()*(200)+799), 13),
          (719, 13, 'O Jogo'                , '2018-09-10', 'Ele'           , FLOOR(RAND()*(200)+799), 5),
          (720, 13, 'O Jogo'                , '2018-10-10', 'Ele'           , FLOOR(RAND()*(200)+799), 2),
          (721, 13, 'O Jogo'                , '2018-11-10', 'Ele'           , FLOOR(RAND()*(200)+799), 7),
          (532, 14, 'Expresso'              , '2018-01-07', 'Economia'      , FLOOR(RAND()*(200)+799), 2),
          (533, 14, 'Expresso'              , '2018-02-07', 'Economia'      , FLOOR(RAND()*(200)+799), 3),
          (534, 14, 'Expresso'              , '2018-03-07', 'Economia'      , FLOOR(RAND()*(200)+799), 9),
          (535, 14, 'Expresso'              , '2018-04-07', 'Economia'      , FLOOR(RAND()*(200)+799), 20),
          (536, 14, 'Expresso'              , '2018-05-07', 'Economia'      , FLOOR(RAND()*(200)+799), 14),
          (537, 14, 'Expresso'              , '2018-06-07', 'Economia'      , FLOOR(RAND()*(200)+799), 2),
          (538, 14, 'Expresso'              , '2018-07-07', 'Economia'      , FLOOR(RAND()*(200)+799), 2),
          (539, 14, 'Expresso'              , '2018-08-07', 'Economia'      , FLOOR(RAND()*(200)+799), 3),
          (540, 14, 'Expresso'              , '2018-09-07', 'Economia'      , FLOOR(RAND()*(200)+799), 3),
          (541, 14, 'Expresso'              , '2018-10-07', 'Economia'      , FLOOR(RAND()*(200)+799), 3),
          (542, 14, 'Expresso'              , '2018-11-07', 'Economia'      , FLOOR(RAND()*(200)+799), 3),
          (632, 15, 'Exame'                 , '2018-01-09', 'Economia'      , FLOOR(RAND()*(200)+799), 2),
          (633, 15, 'Exame'                 , '2018-02-09', 'Economia'      , FLOOR(RAND()*(200)+799), 3),
          (634, 15, 'Exame'                 , '2018-03-09', 'Economia'      , FLOOR(RAND()*(200)+799), 9),
          (635, 15, 'Exame'                 , '2018-04-09', 'Economia'      , FLOOR(RAND()*(200)+799), 20),
          (636, 15, 'Exame'                 , '2018-05-09', 'Economia'      , FLOOR(RAND()*(200)+799), 14),
          (637, 15, 'Exame'                 , '2018-06-09', 'Economia'      , FLOOR(RAND()*(200)+799), 2),
          (638, 15, 'Exame'                 , '2018-07-09', 'Economia'      , FLOOR(RAND()*(200)+799), 2),
          (639, 15, 'Exame'                 , '2018-08-09', 'Economia'      , FLOOR(RAND()*(200)+799), 3),
          (640, 15, 'Exame'                 , '2018-09-09', 'Economia'      , FLOOR(RAND()*(200)+799), 3),
          (641, 15, 'Exame'                 , '2018-10-09', 'Economia'      , FLOOR(RAND()*(200)+799), 3),
          (642, 15, 'Exame'                 , '2018-11-09', 'Economia'      , FLOOR(RAND()*(200)+799), 3),
          (493, 16, 'Forbes'                , '2018-03-29', 'Economia'      , FLOOR(RAND()*(200)+799), 17),
          (496, 16, 'Forbes'                , '2018-06-29', 'Economia'      , FLOOR(RAND()*(200)+799), 16),
          (499, 16, 'Forbes'                , '2018-09-29', 'Economia'      , FLOOR(RAND()*(200)+799), 5),
          (403, 17, 'Casas & Negocios'      , '2018-03-29', 'Economia'      , FLOOR(RAND()*(200)+799), 17),
          (406, 17, 'Casas & Negocios'      , '2018-06-29', 'Economia'      , FLOOR(RAND()*(200)+799), 16),
          (409, 17, 'Casas & Negocios'      , '2018-09-29', 'Economia'      , FLOOR(RAND()*(200)+799), 5),
          (831, 18, 'Dragões'               , '2018-01-11', 'Desporto'      , FLOOR(RAND()*(200)+799), 5),
          (832, 18, 'Dragões'               , '2018-02-11', 'Desporto'      , FLOOR(RAND()*(200)+799), 4),
          (835, 18, 'Dragões'               , '2018-05-11', 'Desporto'      , FLOOR(RAND()*(200)+799), 16),
          (838, 18, 'Dragões'               , '2018-08-11', 'Desporto'      , FLOOR(RAND()*(200)+799), 3),
          (841, 18, 'Dragões'               , '2018-11-11', 'Desporto'      , FLOOR(RAND()*(200)+799), 7),
          (851, 19, 'Benfica'               , '2018-01-11', 'Desporto'      , FLOOR(RAND()*(200)+799), 5),
          (852, 19, 'Benfica'               , '2018-02-11', 'Desporto'      , FLOOR(RAND()*(200)+799), 4),
          (855, 19, 'Benfica'               , '2018-05-11', 'Desporto'      , FLOOR(RAND()*(200)+799), 16),
          (858, 19, 'Benfica'               , '2018-08-11', 'Desporto'      , FLOOR(RAND()*(200)+799), 3),
          (861, 19, 'Benfica'               , '2018-11-11', 'Desporto'      , FLOOR(RAND()*(200)+799), 7),
          (871, 20, 'Sporting'              , '2018-01-11', 'Desporto'      , FLOOR(RAND()*(200)+799), 5),
          (872, 20, 'Sporting'              , '2018-02-11', 'Desporto'      , FLOOR(RAND()*(200)+799), 4),
          (875, 20, 'Sporting'              , '2018-05-11', 'Desporto'      , FLOOR(RAND()*(200)+799), 16),
          (878, 20, 'Sporting'              , '2018-08-11', 'Desporto'      , FLOOR(RAND()*(200)+799), 3),
          (881, 20, 'Sporting'              , '2018-11-11', 'Desporto'      , FLOOR(RAND()*(200)+799), 7),
          (490, 21, 'Futebolista'           , '2018-03-03', 'Desporto'      , FLOOR(RAND()*(200)+799), 17),
          (491, 21, 'Futebolista'           , '2018-06-03', 'Desporto'      , FLOOR(RAND()*(200)+799), 16),
          (492, 21, 'Futebolista'           , '2018-09-03', 'Desporto'      , FLOOR(RAND()*(200)+799), 5),
          (400, 22, 'Biking'                , '2018-03-03', 'Desporto'      , FLOOR(RAND()*(200)+799), 17),
          (401, 22, 'Biking'                , '2018-06-03', 'Desporto'      , FLOOR(RAND()*(200)+799), 16),
          (402, 22, 'Biking'                , '2018-09-03', 'Desporto'      , FLOOR(RAND()*(200)+799), 5),
          (465, 23, 'Golf'                  , '2018-03-25', 'Desporto'      , FLOOR(RAND()*(200)+799), 1),
          (466, 23, 'Golf'                  , '2018-06-25', 'Desporto'      , FLOOR(RAND()*(200)+799), 10),
          (467, 23, 'Golf'                  , '2018-09-25', 'Desporto'      , FLOOR(RAND()*(200)+799), 15),
          (805, 24, 'Moda Criança'          , '2018-05-11', 'Saúde e Familia', FLOOR(RAND()*(200)+799), 16),
          (806, 24, 'Moda Criança'          , '2018-06-11', 'Saúde e Familia', FLOOR(RAND()*(200)+799), 11),
          (807, 24, 'Moda Criança'          , '2018-07-11', 'Saúde e Familia', FLOOR(RAND()*(200)+799), 20),
          (808, 24, 'Moda Criança'          , '2018-08-11', 'Saúde e Familia', FLOOR(RAND()*(200)+799), 3),
          (809, 24, 'Moda Criança'          , '2018-09-11', 'Saúde e Familia', FLOOR(RAND()*(200)+799), 10),
          (810, 24, 'Moda Criança'          , '2018-10-11', 'Saúde e Familia', FLOOR(RAND()*(200)+799), 10),
          (811, 24, 'Moda Criança'          , '2018-11-11', 'Saúde e Familia', FLOOR(RAND()*(200)+799), 7),
          (815, 25, 'Prevenir'              , '2018-05-04', 'Saúde e Familia', FLOOR(RAND()*(200)+799), 16),
          (816, 25, 'Prevenir'              , '2018-06-04', 'Saúde e Familia', FLOOR(RAND()*(200)+799), 11),
          (817, 25, 'Prevenir'              , '2018-07-04', 'Saúde e Familia', FLOOR(RAND()*(200)+799), 20),
          (818, 25, 'Prevenir'              , '2018-08-04', 'Saúde e Familia', FLOOR(RAND()*(200)+799), 3),
          (819, 25, 'Prevenir'              , '2018-09-04', 'Saúde e Familia', FLOOR(RAND()*(200)+799), 10),
          (820, 25, 'Prevenir'              , '2018-10-04', 'Saúde e Familia', FLOOR(RAND()*(200)+799), 10),
          (821, 25, 'Prevenir'              , '2018-11-04', 'Saúde e Familia', FLOOR(RAND()*(200)+799), 7),
          (932, 26, 'Exame Info'            , '2018-01-07', 'Tecnologia'     , FLOOR(RAND()*(200)+799), 2),
          (933, 26, 'Exame Info'            , '2018-02-07', 'Tecnologia'     , FLOOR(RAND()*(200)+799), 3),
          (934, 26, 'Exame Info'            , '2018-03-07', 'Tecnologia'     , FLOOR(RAND()*(200)+799), 9),
          (935, 26, 'Exame Info'            , '2018-04-07', 'Tecnologia'     , FLOOR(RAND()*(200)+799), 20),
          (936, 26, 'Exame Info'            , '2018-05-07', 'Tecnologia'     , FLOOR(RAND()*(200)+799), 14),
          (937, 26, 'Exame Info'            , '2018-06-07', 'Tecnologia'     , FLOOR(RAND()*(200)+799), 2),
          (938, 26, 'Exame Info'            , '2018-07-07', 'Tecnologia'     , FLOOR(RAND()*(200)+799), 2),
          (939, 26, 'Exame Info'            , '2018-08-07', 'Tecnologia'     , FLOOR(RAND()*(200)+799), 3),
          (940, 26, 'Exame Info'            , '2018-09-07', 'Tecnologia'     , FLOOR(RAND()*(200)+799), 3),
          (941, 26, 'Exame Info'            , '2018-10-07', 'Tecnologia'     , FLOOR(RAND()*(200)+799), 3),
          (942, 26, 'Exame Info'            , '2018-11-07', 'Tecnologia'     , FLOOR(RAND()*(200)+799), 3),
          (965, 27, 'PC Guia'               , '2018-03-25', 'Tecnologia'     , FLOOR(RAND()*(200)+799), 1),
          (966, 27, 'PC Guia'               , '2018-06-25', 'Tecnologia'     , FLOOR(RAND()*(200)+799), 10),
          (967, 27, 'PC Guia'               , '2018-09-25', 'Tecnologia'     , FLOOR(RAND()*(200)+799), 15),
          (975, 28, 'B!t'                   , '2018-03-25', 'Tecnologia'     , FLOOR(RAND()*(200)+799), 1),
          (976, 28, 'B!t'                   , '2018-06-25', 'Tecnologia'     , FLOOR(RAND()*(200)+799), 10),
          (977, 28, 'B!t'                   , '2018-09-25', 'Tecnologia'     , FLOOR(RAND()*(200)+799), 15),
          (996, 29, 'Computador'            , '2018-05-07', 'Tecnologia'     , FLOOR(RAND()*(200)+799), 14),
          (997, 29, 'Computador'            , '2018-06-07', 'Tecnologia'     , FLOOR(RAND()*(200)+799), 2),
          (998, 29, 'Computador'            , '2018-07-07', 'Tecnologia'     , FLOOR(RAND()*(200)+799), 2),
          (999, 29, 'Computador'            , '2018-08-07', 'Tecnologia'     , FLOOR(RAND()*(200)+799), 3),
          (1096, 30, 'Programar'            , '2018-05-07', 'Tecnologia'     , FLOOR(RAND()*(200)+799), 14),
          (1097, 30, 'Programar'            , '2018-06-07', 'Tecnologia'     , FLOOR(RAND()*(200)+799), 2),
          (1098, 30, 'Programar'            , '2018-07-07', 'Tecnologia'     , FLOOR(RAND()*(200)+799), 2),
          (1099, 30, 'Programar'            , '2018-08-07', 'Tecnologia'     , FLOOR(RAND()*(200)+799), 3),
          (1200, 13, 'Motor'                , '2018-02-07', 'Motores'        , FLOOR(RAND()*(200)+799), 14),
          (1300, 13, 'Motor'                , '2018-04-07', 'Motores'        , FLOOR(RAND()*(200)+799), 2),
          (1400, 13, 'Motor'                , '2018-06-07', 'Motores'        , FLOOR(RAND()*(200)+799), 2),
          (1500, 13, 'Motor'                , '2018-08-07', 'Motores'        , FLOOR(RAND()*(200)+799), 3),
          (1071, 18, 'AutoSport'            , '2018-04-07', 'Motores'        , FLOOR(RAND()*(200)+799), 2),
          (1081, 18, 'AutoSport'            , '2018-06-07', 'Motores'        , FLOOR(RAND()*(200)+799), 2),
          (1091, 18, 'AutoSport'            , '2018-08-07', 'Motores'        , FLOOR(RAND()*(200)+799), 3),
          (1011, 19 , 'AutoHoje'            , '2018-04-07', 'Motores'        , FLOOR(RAND()*(200)+799), 16),
          (1021, 19 , 'AutoHoje'            , '2018-06-07', 'Motores'        , FLOOR(RAND()*(200)+799), 20),
          (1031, 19 , 'AutoHoje'            , '2018-08-07', 'Motores'        , FLOOR(RAND()*(200)+799), 18),
          (1012, 22 , 'Turbo'               , '2018-04-07', 'Motores'        , FLOOR(RAND()*(200)+799), 16),
          (1022, 22 , 'Turbo'               , '2018-06-07', 'Motores'        , FLOOR(RAND()*(200)+799), 20),
          (1032, 22 , 'Turbo'               , '2018-08-07', 'Motores'        , FLOOR(RAND()*(200)+799), 18),
          (1013, 15 , 'TopGear'             , '2018-04-07', 'Motores'        , FLOOR(RAND()*(200)+799), 16),
          (1023, 15 , 'TopGear'             , '2018-06-07', 'Motores'        , FLOOR(RAND()*(200)+799), 20),
          (1033, 15 , 'TopGear'             , '2018-08-07', 'Motores'        , FLOOR(RAND()*(200)+799), 18),
          (1014, 5 , 'Moto'                 , '2018-04-07', 'Motores'        , FLOOR(RAND()*(200)+799), 16),
          (1024, 5 , 'Moto'                 , '2018-06-07', 'Motores'        , FLOOR(RAND()*(200)+799), 20),
          (1034, 5 , 'Moto'                 , '2018-08-07', 'Motores'        , FLOOR(RAND()*(200)+799), 18);

--------------------------------------------------------------------------------
-- Povoamento da tabela 'Artigos'
INSERT INTO Artigo
     (ID, Revista_ID, Data, Categoria, Titulo, Corpo, NrConsultas)
     VALUES
          (1 , 1, '2017-12-31', 'Saúde'   , 'Viva Melhor'            , '...', FLOOR(RAND()*(50)+100)),
          (2 , 1, '2017-01-02', 'Ela'     , 'As Melhores Fofocas'    , '...', FLOOR(RAND()*(50)+100)),
          (3 , 1, '2017-01-02', 'Ela'     , 'Cuidados do Corpo'      , '...', FLOOR(RAND()*(50)+100)),
          (4 , 1, '2017-12-28', 'Familia' , 'Familia feliz'          , '...', FLOOR(RAND()*(50)+100)),
          (5 , 1, '2017-12-22', 'Saúde'   , 'Pele Bonita'            , '...', FLOOR(RAND()*(50)+100)),
          (6 , 1, '2017-12-09', 'Lazer'   , 'Passeio Rural'          , '...', FLOOR(RAND()*(50)+100)),
          (7 , 1, '2017-12-30', 'Lazer'   , 'Novas Diversões'        , '...', FLOOR(RAND()*(50)+100)),
          (8 , 4, '2017-04-01', 'Saúde'   , 'Viva Melhor'            , '...', FLOOR(RAND()*(50)+100)),
          (9 , 4, '2017-04-02', 'Ela'     , 'As Melhores Fofocas'    , '...', FLOOR(RAND()*(50)+100)),
          (10 , 4, '2017-04-03', 'Ela'     , 'Cuidados do Corpo'      , '...', FLOOR(RAND()*(50)+100)),
          (11 , 4, '2017-04-04', 'Familia' , 'Familia feliz'          , '...', FLOOR(RAND()*(50)+100)),
          (12 , 4, '2017-04-05', 'Saúde'   , 'Pele Bonita'            , '...', FLOOR(RAND()*(50)+100)),
          (13 , 4, '2017-04-06', 'Lazer'   , 'Passeio Rural'          , '...', FLOOR(RAND()*(50)+100)),
          (14 , 4, '2017-04-06', 'Lazer'   , 'Novas Diversões'        , '...', FLOOR(RAND()*(50)+100)),
          (15 , 7, '2017-07-01', 'Saúde'   , 'Viva Melhor'            , '...', FLOOR(RAND()*(50)+100)),
          (16 , 7, '2017-07-02', 'Ela'     , 'As Melhores Fofocas'    , '...', FLOOR(RAND()*(50)+100)),
          (17 , 7, '2017-07-03', 'Ela'     , 'Cuidados do Corpo'      , '...', FLOOR(RAND()*(50)+100)),
          (18 , 7, '2017-07-04', 'Familia' , 'Familia feliz'          , '...', FLOOR(RAND()*(50)+100)),
          (19 , 7, '2017-07-05', 'Saúde'   , 'Pele Bonita'            , '...', FLOOR(RAND()*(50)+100)),
          (20 , 7, '2017-07-06', 'Lazer'   , 'Passeio Rural'          , '...', FLOOR(RAND()*(50)+100)),
          (21 , 7, '2017-07-06', 'Lazer'   , 'Novas Diversões'        , '...', FLOOR(RAND()*(50)+100)),
          (22 , 10, '2017-10-01', 'Saúde'   , 'Viva Melhor'            , '...', FLOOR(RAND()*(50)+100)),
          (23 , 10, '2017-10-02', 'Ela'     , 'As Melhores Fofocas'    , '...', FLOOR(RAND()*(50)+100)),
          (24 , 10, '2017-10-03', 'Ela'     , 'Cuidados do Corpo'      , '...', FLOOR(RAND()*(50)+100)),
          (25 , 10, '2017-10-04', 'Familia' , 'Familia feliz'          , '...', FLOOR(RAND()*(50)+100)),
          (26 , 10, '2017-10-05', 'Saúde'   , 'Pele Bonita'            , '...', FLOOR(RAND()*(50)+100)),
          (27 , 10, '2017-10-06', 'Lazer'   , 'Passeio Rural'          , '...', FLOOR(RAND()*(50)+100)),
          (28 , 10, '2017-10-07', 'Lazer'   , 'Novas Diversões'        , '...', FLOOR(RAND()*(50)+100)),
          (29 , 12, '2017-10-13', 'Novela'   , 'Cara Metade'           , '...', FLOOR(RAND()*(50)+100)),
          (30 , 12, '2017-10-15', 'Sociedade'   , 'Racismo'            , '...', FLOOR(RAND()*(50)+100)),
          (31 , 12, '2017-10-16', 'Sociedade'   , 'Combate aos fogos'  , '...', FLOOR(RAND()*(50)+100)),
          (32 , 13, '2017-01-01', 'Novela'      , 'Cara Metade'        , '...', FLOOR(RAND()*(50)+100)),
          (33 , 13, '2017-01-02', 'Sociedade'   , 'Racismo'            , '...', FLOOR(RAND()*(50)+100)),
          (34 , 13, '2017-01-03', 'Sociedade'   , 'Combate aos fogos'  , '...', FLOOR(RAND()*(50)+100)),
          (35 , 14, '2018-02-01', 'Novela'      , 'Cara Metade'        , '...', FLOOR(RAND()*(50)+100)),
          (36 , 14, '2018-02-02', 'Sociedade'   , 'Racismo'            , '...', FLOOR(RAND()*(50)+100)),
          (37 , 14, '2018-02-03', 'Sociedade'   , 'Combate aos fogos'  , '...', FLOOR(RAND()*(50)+100)),
          (38 , 15, '2018-03-01', 'Novela'      , 'Cara Metade'        , '...', FLOOR(RAND()*(50)+100)),
          (39 , 15, '2018-03-02', 'Sociedade'   , 'Racismo'            , '...', FLOOR(RAND()*(50)+100)),
          (40 , 15, '2018-03-03', 'Sociedade'   , 'Combate aos fogos'  , '...', FLOOR(RAND()*(50)+100)),
          (41 , 16, '2018-04-01', 'Novela'      , 'Cara Metade'        , '...', FLOOR(RAND()*(50)+100)),
          (42 , 16, '2018-04-02', 'Sociedade'   , 'Racismo'            , '...', FLOOR(RAND()*(50)+100)),
          (43 , 16, '2018-04-03', 'Sociedade'   , 'Combate aos fogos'  , '...', FLOOR(RAND()*(50)+100)),
          (44 , 17, '2018-05-01', 'Novela'      , 'Cara Metade'        , '...', FLOOR(RAND()*(50)+100)),
          (45 , 17, '2018-05-02', 'Sociedade'   , 'Racismo'            , '...', FLOOR(RAND()*(50)+100)),
          (46 , 17, '2018-05-03', 'Sociedade'   , 'Combate aos fogos'  , '...', FLOOR(RAND()*(50)+100)),
          (47 , 18, '2018-06-01', 'Novela'      , 'Cara Metade'        , '...', FLOOR(RAND()*(50)+100)),
          (48 , 18, '2018-06-02', 'Sociedade'   , 'Racismo'            , '...', FLOOR(RAND()*(50)+100)),
          (49 , 18, '2018-06-03', 'Sociedade'   , 'Combate aos fogos'  , '...', FLOOR(RAND()*(50)+100)),
          (50 , 19, '2018-07-01', 'Novela'      , 'Cara Metade'        , '...', FLOOR(RAND()*(50)+100)),
          (51 , 19, '2018-07-02', 'Sociedade'   , 'Racismo'            , '...', FLOOR(RAND()*(50)+100)),
          (52 , 19, '2018-07-02', 'Sociedade'   , 'Combate aos fogos'  , '...', FLOOR(RAND()*(50)+100)),
          (53 , 20, '2018-08-01', 'Novela'      , 'Cara Metade'        , '...', FLOOR(RAND()*(50)+100)),
          (54 , 20, '2018-08-02', 'Sociedade'   , 'Racismo'            , '...', FLOOR(RAND()*(50)+100)),
          (55 , 20, '2018-08-03', 'Sociedade'   , 'Combate aos fogos'  , '...', FLOOR(RAND()*(50)+100)),
          (56 , 21, '2018-09-01', 'Novela'      , 'Cara Metade'        , '...', FLOOR(RAND()*(50)+100)),
          (57 , 21, '2018-09-02', 'Sociedade'   , 'Racismo'            , '...', FLOOR(RAND()*(50)+100)),
          (58 , 21, '2018-09-03', 'Sociedade'   , 'Combate aos fogos'  , '...', FLOOR(RAND()*(50)+100)),
          (59 , 22, '2018-10-01', 'Novela'      , 'Cara Metade'        , '...', FLOOR(RAND()*(50)+100)),
          (60 , 22, '2018-10-02', 'Sociedade'   , 'Racismo'            , '...', FLOOR(RAND()*(50)+100)),
          (61 , 22, '2018-10-03', 'Sociedade'   , 'Combate aos fogos'  , '...', FLOOR(RAND()*(50)+100)),
          (62 , 31, '2018-01-01', 'Sociedade'   , 'Aborto'             , '...', FLOOR(RAND()*(50)+100)),
          (63 , 31, '2018-01-02', 'Séries'      , 'Novas Séries'       , '...', FLOOR(RAND()*(50)+100)),
          (64 , 31, '2018-01-03', 'Filmes'      , 'Novos Filmes'       , '...', FLOOR(RAND()*(50)+100)),
          (65 , 32, '2018-02-01', 'Sociedade'   , 'Aborto'             , '...', FLOOR(RAND()*(50)+100)),
          (66 , 32, '2018-02-02', 'Séries'      , 'Novas Séries'       , '...', FLOOR(RAND()*(50)+100)),
          (67 , 32, '2018-02-03', 'Filmes'      , 'Novos Filmes'       , '...', FLOOR(RAND()*(50)+100)),
          (68 , 33, '2018-03-01', 'Sociedade'   , 'Aborto'             , '...', FLOOR(RAND()*(50)+100)),
          (69 , 33, '2018-03-02', 'Séries'      , 'Novas Séries'       , '...', FLOOR(RAND()*(50)+100)),
          (70 , 33, '2018-03-03', 'Filmes'      , 'Novos Filmes'       , '...', FLOOR(RAND()*(50)+100)),
          (71 , 34, '2018-04-01', 'Sociedade'   , 'Aborto'             , '...', FLOOR(RAND()*(50)+100)),
          (72 , 34, '2018-04-02', 'Séries'      , 'Novas Séries'       , '...', FLOOR(RAND()*(50)+100)),
          (73 , 34, '2018-04-03', 'Filmes'      , 'Novos Filmes'       , '...', FLOOR(RAND()*(50)+100)),
          (74 , 35, '2018-05-01', 'Sociedade'   , 'Aborto'             , '...', FLOOR(RAND()*(50)+100)),
          (75 , 35, '2018-05-02', 'Séries'      , 'Novas Séries'       , '...', FLOOR(RAND()*(50)+100)),
          (76 , 35, '2018-05-03', 'Filmes'      , 'Novos Filmes'       , '...', FLOOR(RAND()*(50)+100)),
          (77 , 36, '2018-06-01', 'Sociedade'   , 'Aborto'             , '...', FLOOR(RAND()*(50)+100)),
          (78 , 36, '2018-06-02', 'Séries'      , 'Novas Séries'       , '...', FLOOR(RAND()*(50)+100)),
          (79 , 36, '2018-06-03', 'Filmes'      , 'Novos Filmes'       , '...', FLOOR(RAND()*(50)+100)),
          (80 , 37, '2018-07-01', 'Sociedade'   , 'Aborto'             , '...', FLOOR(RAND()*(50)+100)),
          (81 , 37, '2018-07-02', 'Séries'      , 'Novas Séries'       , '...', FLOOR(RAND()*(50)+100)),
          (82 , 37, '2018-07-03', 'Filmes'      , 'Novos Filmes'       , '...', FLOOR(RAND()*(50)+100)),
          (83 , 38, '2018-08-01', 'Sociedade'   , 'Aborto'             , '...', FLOOR(RAND()*(50)+100)),
          (84 , 38, '2018-08-02', 'Séries'      , 'Novas Séries'       , '...', FLOOR(RAND()*(50)+100)),
          (85 , 38, '2018-08-03', 'Filmes'      , 'Novos Filmes'       , '...', FLOOR(RAND()*(50)+100)),
          (86 , 39, '2018-09-01', 'Sociedade'   , 'Aborto'             , '...', FLOOR(RAND()*(50)+100)),
          (87 , 39, '2018-09-02', 'Séries'      , 'Novas Séries'       , '...', FLOOR(RAND()*(50)+100)),
          (88 , 39, '2018-09-03', 'Filmes'      , 'Novos Filmes'       , '...', FLOOR(RAND()*(50)+100)),
          (89 , 40, '2018-10-01', 'Sociedade'   , 'Aborto'             , '...', FLOOR(RAND()*(50)+100)),
          (90 , 40, '2018-10-02', 'Séries'      , 'Novas Séries'       , '...', FLOOR(RAND()*(50)+100)),
          (91 , 40, '2018-10-03', 'Filmes'      , 'Novos Filmes'       , '...', FLOOR(RAND()*(50)+100)),
          (92 , 41, '2018-11-01', 'Sociedade'   , 'Aborto'             , '...', FLOOR(RAND()*(50)+100)),
          (93 , 41, '2018-11-02', 'Séries'      , 'Novas Séries'       , '...', FLOOR(RAND()*(50)+100)),
          (94 , 41, '2018-11-03', 'Filmes'      , 'Novos Filmes'       , '...', FLOOR(RAND()*(50)+100)),
          (95 , 51, '2018-01-01', 'Documentário', 'Novos Documentários', '...', FLOOR(RAND()*(50)+100)),
          (96 , 51, '2018-01-02', 'Sociedade'   , 'Eutanásia'          , '...', FLOOR(RAND()*(50)+100)),
          (97 , 51, '2018-01-03', 'Novela'      , 'Revalações'         , '...', FLOOR(RAND()*(50)+100)),
          (98 , 52, '2018-02-01', 'Documentário', 'Novos Documentários', '...', FLOOR(RAND()*(50)+100)),
          (99 , 52, '2018-02-02', 'Sociedade'   , 'Eutanásia'          , '...', FLOOR(RAND()*(50)+100)),
          (100 , 52, '2018-02-03', 'Novela'      , 'Revalações'         , '...', FLOOR(RAND()*(50)+100)),
          (101 , 53, '2018-03-01', 'Documentário', 'Novos Documentários', '...', FLOOR(RAND()*(50)+100)),
          (102 , 53, '2018-03-02', 'Sociedade'   , 'Eutanásia'          , '...', FLOOR(RAND()*(50)+100)),
          (103 , 53, '2018-03-03', 'Novela'      , 'Revalações'         , '...', FLOOR(RAND()*(50)+100)),
          (104 , 54, '2018-04-01', 'Documentário', 'Novos Documentários', '...', FLOOR(RAND()*(50)+100)),
          (105 , 54, '2018-04-02', 'Sociedade'   , 'Eutanásia'          , '...', FLOOR(RAND()*(50)+100)),
          (106 , 54, '2018-04-03', 'Novela'      , 'Revalações'         , '...', FLOOR(RAND()*(50)+100)),
          (107 , 55, '2018-05-01', 'Documentário', 'Novos Documentários', '...', FLOOR(RAND()*(50)+100)),
          (108 , 55, '2018-05-02', 'Sociedade'   , 'Eutanásia'          , '...', FLOOR(RAND()*(50)+100)),
          (109 , 55, '2018-05-03', 'Novela'      , 'Revalações'         , '...', FLOOR(RAND()*(50)+100)),
          (110 , 56, '2018-06-01', 'Documentário', 'Novos Documentários', '...', FLOOR(RAND()*(50)+100)),
          (111 , 56, '2018-06-02', 'Sociedade'   , 'Eutanásia'          , '...', FLOOR(RAND()*(50)+100)),
          (112 , 56, '2018-06-03', 'Novela'      , 'Revalações'         , '...', FLOOR(RAND()*(50)+100)),
          (113 , 57, '2018-07-01', 'Documentário', 'Novos Documentários', '...', FLOOR(RAND()*(50)+100)),
          (114 , 57, '2018-07-02', 'Sociedade'   , 'Eutanásia'          , '...', FLOOR(RAND()*(50)+100)),
          (115 , 57, '2018-07-03', 'Novela'      , 'Revalações'         , '...', FLOOR(RAND()*(50)+100)),
          (116 , 58, '2018-08-01', 'Documentário', 'Novos Documentários', '...', FLOOR(RAND()*(50)+100)),
          (117 , 58, '2018-08-02', 'Sociedade'   , 'Eutanásia'          , '...', FLOOR(RAND()*(50)+100)),
          (118 , 58, '2018-08-03', 'Novela'      , 'Revalações'         , '...', FLOOR(RAND()*(50)+100)),
          (119 , 59, '2018-09-01', 'Documentário', 'Novos Documentários', '...', FLOOR(RAND()*(50)+100)),
          (120 , 59, '2018-09-02', 'Sociedade'   , 'Eutanásia'          , '...', FLOOR(RAND()*(50)+100)),
          (121 , 59, '2018-09-03', 'Novela'      , 'Revalações'         , '...', FLOOR(RAND()*(50)+100)),
          (122 , 60, '2018-10-01', 'Documentário', 'Novos Documentários', '...', FLOOR(RAND()*(50)+100)),
          (123 , 60, '2018-10-02', 'Sociedade'   , 'Eutanásia'          , '...', FLOOR(RAND()*(50)+100)),
          (124 , 60, '2018-10-03', 'Novela'      , 'Revalações'         , '...', FLOOR(RAND()*(50)+100)),
          (125 , 61, '2018-11-01', 'Documentário', 'Novos Documentários', '...', FLOOR(RAND()*(50)+100)),
          (126 , 61, '2018-11-02', 'Sociedade'   , 'Eutanásia'          , '...', FLOOR(RAND()*(50)+100)),
          (127 , 61, '2018-11-03', 'Novela'      , 'Revalações'         , '...', FLOOR(RAND()*(50)+100)),
          (128 , 73, '2018-03-01', 'Sociedade'   , 'Bullying'           , '...', FLOOR(RAND()*(50)+100)),
          (129 , 73, '2018-03-02', 'Notícias'    , 'Greve de fome'      , '...', FLOOR(RAND()*(50)+100)),
          (130 , 73, '2018-03-03', 'Novela'      , 'O pai da outra'     , '...', FLOOR(RAND()*(50)+100)),
          (131 , 76, '2018-06-01', 'Sociedade'   , 'Bullying'           , '...', FLOOR(RAND()*(50)+100)),
          (132 , 76, '2018-06-02', 'Notícias'    , 'Greve de fome'      , '...', FLOOR(RAND()*(50)+100)),
          (133 , 76, '2018-06-03', 'Novela'      , 'O pai da outra'     , '...', FLOOR(RAND()*(50)+100)),
          (134 , 79, '2018-09-01', 'Sociedade'   , 'Bullying'           , '...', FLOOR(RAND()*(50)+100)),
          (135 , 79, '2018-09-02', 'Notícias'    , 'Greve de fome'      , '...', FLOOR(RAND()*(50)+100)),
          (136 , 79, '2018-09-03', 'Novela'      , 'O pai da outra'     , '...', FLOOR(RAND()*(50)+100)),
          (137 , 131, '2018-01-01', 'Mexericos'   , 'Maria Leal rouba'   , '...', FLOOR(RAND()*(50)+100)),
          (138 , 131, '2018-01-02', 'Drama'       , 'Pessoa morre ...'   , '...', FLOOR(RAND()*(50)+100)),
          (139 , 131, '2018-01-03', 'Hot Spicy'   , 'Novas tecnecicas'   , '...', FLOOR(RAND()*(50)+100)),
          (140 , 132, '2018-02-01', 'Mexericos'   , 'Maria Leal rouba'   , '...', FLOOR(RAND()*(50)+100)),
          (141 , 132, '2018-02-02', 'Drama'       , 'Pessoa morre ...'   , '...', FLOOR(RAND()*(50)+100)),
          (142 , 132, '2018-02-03', 'Hot Spicy'   , 'Novas tecnecicas'   , '...', FLOOR(RAND()*(50)+100)),
          (143 , 133, '2018-03-01', 'Mexericos'   , 'Maria Leal rouba'   , '...', FLOOR(RAND()*(50)+100)),
          (144 , 133, '2018-03-02', 'Drama'       , 'Pessoa morre ...'   , '...', FLOOR(RAND()*(50)+100)),
          (145 , 133, '2018-03-03', 'Hot Spicy'   , 'Novas tecnecicas'   , '...', FLOOR(RAND()*(50)+100)),
          (146 , 134, '2018-04-01', 'Mexericos'   , 'Maria Leal rouba'   , '...', FLOOR(RAND()*(50)+100)),
          (147 , 134, '2018-04-02', 'Drama'       , 'Pessoa morre ...'   , '...', FLOOR(RAND()*(50)+100)),
          (148 , 134, '2018-04-03', 'Hot Spicy'   , 'Novas tecnecicas'   , '...', FLOOR(RAND()*(50)+100)),
          (149 , 135, '2018-05-01', 'Mexericos'   , 'Maria Leal rouba'   , '...', FLOOR(RAND()*(50)+100)),
          (150 , 135, '2018-05-02', 'Drama'       , 'Pessoa morre ...'   , '...', FLOOR(RAND()*(50)+100)),
          (151 , 135, '2018-05-03', 'Hot Spicy'   , 'Novas tecnecicas'   , '...', FLOOR(RAND()*(50)+100)),
          (152 , 136, '2018-06-01', 'Mexericos'   , 'Maria Leal rouba'   , '...', FLOOR(RAND()*(50)+100)),
          (153 , 136, '2018-06-02', 'Drama'       , 'Pessoa morre ...'   , '...', FLOOR(RAND()*(50)+100)),
          (154 , 136, '2018-06-03', 'Hot Spicy'   , 'Novas tecnecicas'   , '...', FLOOR(RAND()*(50)+100)),
          (155 , 138, '2018-07-01', 'Mexericos'   , 'Maria Leal rouba'   , '...', FLOOR(RAND()*(50)+100)),
          (156 , 138, '2018-07-02', 'Drama'       , 'Pessoa morre ...'   , '...', FLOOR(RAND()*(50)+100)),
          (157 , 138, '2018-07-03', 'Hot Spicy'   , 'Novas tecnecicas'   , '...', FLOOR(RAND()*(50)+100)),
          (158 , 139, '2018-08-01', 'Mexericos'   , 'Maria Leal rouba'   , '...', FLOOR(RAND()*(50)+100)),
          (159 , 139, '2018-08-02', 'Drama'       , 'Pessoa morre ...'   , '...', FLOOR(RAND()*(50)+100)),
          (160 , 139, '2018-08-03', 'Hot Spicy'   , 'Novas tecnecicas'   , '...', FLOOR(RAND()*(50)+100)),
          (161 , 140, '2018-09-01', 'Mexericos'   , 'Maria Leal rouba'   , '...', FLOOR(RAND()*(50)+100)),
          (162 , 140, '2018-09-02', 'Drama'       , 'Pessoa morre ...'   , '...', FLOOR(RAND()*(50)+100)),
          (163 , 140, '2018-09-03', 'Hot Spicy'   , 'Novas tecnecicas'   , '...', FLOOR(RAND()*(50)+100)),
          (164 , 141, '2018-10-01', 'Mexericos'   , 'Maria Leal rouba'   , '...', FLOOR(RAND()*(50)+100)),
          (165 , 141, '2018-10-02', 'Drama'       , 'Pessoa morre ...'   , '...', FLOOR(RAND()*(50)+100)),
          (166 , 141, '2018-10-03', 'Hot Spicy'   , 'Novas tecnecicas'   , '...', FLOOR(RAND()*(50)+100)),
          (167 , 251, '2018-01-01', 'Séries'      , 'Novas Séries'       , '...', FLOOR(RAND()*(50)+100)),
          (168 , 251, '2018-01-02', 'Política'    , 'Reforma Política'   , '...', FLOOR(RAND()*(50)+100)),
          (169 , 251, '2018-01-02', 'Novela'      , 'A Inimiga'          , '...', FLOOR(RAND()*(50)+100)),
          (170 , 252, '2018-02-01', 'Séries'      , 'Novas Séries'       , '...', FLOOR(RAND()*(50)+100)),
          (171 , 252, '2018-02-02', 'Política'    , 'Reforma Política'   , '...', FLOOR(RAND()*(50)+100)),
          (172 , 252, '2018-02-02', 'Novela'      , 'A Inimiga'          , '...', FLOOR(RAND()*(50)+100)),
          (173 , 253, '2018-03-01', 'Séries'      , 'Novas Séries'       , '...', FLOOR(RAND()*(50)+100)),
          (174 , 253, '2018-03-02', 'Política'    , 'Reforma Política'   , '...', FLOOR(RAND()*(50)+100)),
          (175 , 253, '2018-03-02', 'Novela'      , 'A Inimiga'          , '...', FLOOR(RAND()*(50)+100)),
          (176 , 254, '2018-04-01', 'Séries'      , 'Novas Séries'       , '...', FLOOR(RAND()*(50)+100)),
          (177 , 254, '2018-04-02', 'Política'    , 'Reforma Política'   , '...', FLOOR(RAND()*(50)+100)),
          (178 , 254, '2018-04-02', 'Novela'      , 'A Inimiga'          , '...', FLOOR(RAND()*(50)+100)),
          (179 , 255, '2018-05-01', 'Séries'      , 'Novas Séries'       , '...', FLOOR(RAND()*(50)+100)),
          (180 , 255, '2018-05-02', 'Política'    , 'Reforma Política'   , '...', FLOOR(RAND()*(50)+100)),
          (181 , 255, '2018-05-02', 'Novela'      , 'A Inimiga'          , '...', FLOOR(RAND()*(50)+100)),
          (182 , 256, '2018-06-01', 'Séries'      , 'Novas Séries'       , '...', FLOOR(RAND()*(50)+100)),
          (183 , 256, '2018-06-02', 'Política'    , 'Reforma Política'   , '...', FLOOR(RAND()*(50)+100)),
          (184 , 256, '2018-06-02', 'Novela'      , 'A Inimiga'          , '...', FLOOR(RAND()*(50)+100)),
          (185 , 257, '2018-07-01', 'Séries'      , 'Novas Séries'       , '...', FLOOR(RAND()*(50)+100)),
          (186 , 257, '2018-07-02', 'Política'    , 'Reforma Política'   , '...', FLOOR(RAND()*(50)+100)),
          (187 , 257, '2018-07-02', 'Novela'      , 'A Inimiga'          , '...', FLOOR(RAND()*(50)+100)),
          (188 , 258, '2018-08-01', 'Séries'      , 'Novas Séries'       , '...', FLOOR(RAND()*(50)+100)),
          (189 , 258, '2018-08-02', 'Política'    , 'Reforma Política'   , '...', FLOOR(RAND()*(50)+100)),
          (190 , 258, '2018-08-02', 'Novela'      , 'A Inimiga'          , '...', FLOOR(RAND()*(50)+100)),
          (191 , 259, '2018-09-01', 'Séries'      , 'Novas Séries'       , '...', FLOOR(RAND()*(50)+100)),
          (192 , 259, '2018-09-02', 'Política'    , 'Reforma Política'   , '...', FLOOR(RAND()*(50)+100)),
          (193 , 259, '2018-09-02', 'Novela'      , 'A Inimiga'          , '...', FLOOR(RAND()*(50)+100)),
          (194 , 260, '2018-10-01', 'Séries'      , 'Novas Séries'       , '...', FLOOR(RAND()*(50)+100)),
          (195 , 260, '2018-10-02', 'Política'    , 'Reforma Política'   , '...', FLOOR(RAND()*(50)+100)),
          (196 , 260, '2018-10-02', 'Novela'      , 'A Enimiga'          , '...', FLOOR(RAND()*(50)+100)),
          (197 , 261, '2018-11-01', 'Séries'      , 'Novas Séries'       , '...', FLOOR(RAND()*(50)+100)),
          (198 , 261, '2018-11-02', 'Política'    , 'Reforma Política'   , '...', FLOOR(RAND()*(50)+100)),
          (199 , 261, '2018-11-02', 'Novela'      , 'A Enimiga'          , '...', FLOOR(RAND()*(50)+100)),
          (200 , 351, '2018-01-01', 'Sociedade'   , 'Problemas Sociais'  , '...', FLOOR(RAND()*(50)+100)),
          (201 , 351, '2018-01-02', 'Sociedade'   , 'Confrontos Sociais' , '...', FLOOR(RAND()*(50)+100)),
          (202 , 351, '2018-01-03', 'Novelas'     , 'Macaco Adriano'     , '...', FLOOR(RAND()*(50)+100)),
          (203 , 352, '2018-02-01', 'Sociedade'   , 'Problemas Sociais'  , '...', FLOOR(RAND()*(50)+100)),
          (204 , 352, '2018-02-02', 'Sociedade'   , 'Confrontos Sociais' , '...', FLOOR(RAND()*(50)+100)),
          (205 , 352, '2018-02-03', 'Novelas'     , 'Macaco Adriano'     , '...', FLOOR(RAND()*(50)+100)),
          (206 , 353, '2018-03-01', 'Sociedade'   , 'Problemas Sociais'  , '...', FLOOR(RAND()*(50)+100)),
          (207 , 353, '2018-03-02', 'Sociedade'   , 'Confrontos Sociais' , '...', FLOOR(RAND()*(50)+100)),
          (208 , 353, '2018-03-03', 'Novelas'     , 'Macaco Adriano'     , '...', FLOOR(RAND()*(50)+100)),
          (209 , 354, '2018-04-01', 'Sociedade'   , 'Problemas Sociais'  , '...', FLOOR(RAND()*(50)+100)),
          (210 , 354, '2018-04-02', 'Sociedade'   , 'Confrontos Sociais' , '...', FLOOR(RAND()*(50)+100)),
          (211 , 354, '2018-04-03', 'Novelas'     , 'Macaco Adriano'     , '...', FLOOR(RAND()*(50)+100)),
          (212 , 355, '2018-05-01', 'Sociedade'   , 'Problemas Sociais'  , '...', FLOOR(RAND()*(50)+100)),
          (213 , 355, '2018-05-02', 'Sociedade'   , 'Confrontos Sociais' , '...', FLOOR(RAND()*(50)+100)),
          (214 , 355, '2018-05-03', 'Novelas'     , 'Macaco Adriano'     , '...', FLOOR(RAND()*(50)+100)),
          (215 , 356, '2018-06-01', 'Sociedade'   , 'Problemas Sociais'  , '...', FLOOR(RAND()*(50)+100)),
          (216 , 356, '2018-06-02', 'Sociedade'   , 'Confrontos Sociais' , '...', FLOOR(RAND()*(50)+100)),
          (217 , 356, '2018-06-03', 'Novelas'     , 'Macaco Adriano'     , '...', FLOOR(RAND()*(50)+100)),
          (218 , 357, '2018-07-01', 'Sociedade'   , 'Problemas Sociais'  , '...', FLOOR(RAND()*(50)+100)),
          (219 , 357, '2018-07-02', 'Sociedade'   , 'Confrontos Sociais' , '...', FLOOR(RAND()*(50)+100)),
          (220 , 357, '2018-07-03', 'Novelas'     , 'Macaco Adriano'     , '...', FLOOR(RAND()*(50)+100)),
          (221 , 358, '2018-08-01', 'Sociedade'   , 'Problemas Sociais'  , '...', FLOOR(RAND()*(50)+100)),
          (222 , 358, '2018-08-02', 'Sociedade'   , 'Confrontos Sociais' , '...', FLOOR(RAND()*(50)+100)),
          (223 , 358, '2018-08-03', 'Novelas'     , 'Macaco Adriano'     , '...', FLOOR(RAND()*(50)+100)),
          (224 , 359, '2018-09-01', 'Sociedade'   , 'Problemas Sociais'  , '...', FLOOR(RAND()*(50)+100)),
          (225 , 359, '2018-09-02', 'Sociedade'   , 'Confrontos Sociais' , '...', FLOOR(RAND()*(50)+100)),
          (226 , 359, '2018-09-03', 'Novelas'     , 'Macaco Adriano'     , '...', FLOOR(RAND()*(50)+100)),
          (227 , 360, '2018-10-01', 'Sociedade'   , 'Problemas Sociais'  , '...', FLOOR(RAND()*(50)+100)),
          (228 , 360, '2018-10-02', 'Sociedade'   , 'Confrontos Sociais' , '...', FLOOR(RAND()*(50)+100)),
          (229 , 360, '2018-10-03', 'Novelas'     , 'Macaco Adriano'     , '...', FLOOR(RAND()*(50)+100)),
          (230 , 361, '2018-11-01', 'Sociedade'   , 'Problemas Sociais'  , '...', FLOOR(RAND()*(50)+100)),
          (231 , 361, '2018-11-02', 'Sociedade'   , 'Confrontos Sociais' , '...', FLOOR(RAND()*(50)+100)),
          (232 , 361, '2018-11-03', 'Novela'      , 'Macaco Adriano'     , '...', FLOOR(RAND()*(50)+100)),
          (233 , 451, '2018-01-01', 'Novela'      , 'Novos Escândalos'   , '...', FLOOR(RAND()*(50)+100)),
          (234 , 451, '2018-01-02', 'Novela'      , 'Antigos escândalos' , '...', FLOOR(RAND()*(50)+100)),
          (235 , 451, '2018-01-03', 'Novela'      , 'Escândalos futuros' , '...', FLOOR(RAND()*(50)+100)),
          (236 , 452, '2018-02-01', 'Novela'      , 'Novos Escândalos'   , '...', FLOOR(RAND()*(50)+100)),
          (237 , 452, '2018-02-02', 'Novela'      , 'Antigos escândalos' , '...', FLOOR(RAND()*(50)+100)),
          (238 , 452, '2018-02-03', 'Novela'      , 'Escândalos futuros' , '...', FLOOR(RAND()*(50)+100)),
          (239 , 453, '2018-03-01', 'Novela'      , 'Novos Escândalos'   , '...', FLOOR(RAND()*(50)+100)),
          (240 , 453, '2018-03-02', 'Novela'      , 'Antigos escândalos' , '...', FLOOR(RAND()*(50)+100)),
          (241 , 453, '2018-03-03', 'Novela'      , 'Escândalos futuros' , '...', FLOOR(RAND()*(50)+100)),
          (242 , 454, '2018-04-01', 'Novela'      , 'Novos Escândalos'   , '...', FLOOR(RAND()*(50)+100)),
          (243 , 454, '2018-04-02', 'Novela'      , 'Antigos escândalos' , '...', FLOOR(RAND()*(50)+100)),
          (244 , 454, '2018-04-03', 'Novela'      , 'Escândalos futuros' , '...', FLOOR(RAND()*(50)+100)),
          (245 , 455, '2018-05-01', 'Novela'      , 'Novos Escândalos'   , '...', FLOOR(RAND()*(50)+100)),
          (246 , 455, '2018-05-02', 'Novela'      , 'Antigos escândalos' , '...', FLOOR(RAND()*(50)+100)),
          (247 , 455, '2018-05-03', 'Novela'      , 'Escândalos futuros' , '...', FLOOR(RAND()*(50)+100)),
          (248 , 456, '2018-06-01', 'Novela'      , 'Novos Escândalos'   , '...', FLOOR(RAND()*(50)+100)),
          (249 , 456, '2018-06-02', 'Novela'      , 'Antigos escândalos' , '...', FLOOR(RAND()*(50)+100)),
          (250 , 456, '2018-06-03', 'Novela'      , 'Escândalos futuros' , '...', FLOOR(RAND()*(50)+100)),
          (251 , 457, '2018-07-01', 'Novela'      , 'Novos Escândalos'   , '...', FLOOR(RAND()*(50)+100)),
          (252 , 457, '2018-07-02', 'Novela'      , 'Antigos escândalos' , '...', FLOOR(RAND()*(50)+100)),
          (253 , 457, '2018-07-03', 'Novela'      , 'Escândalos futuros' , '...', FLOOR(RAND()*(50)+100)),
          (254 , 458, '2018-08-01', 'Novela'      , 'Novos Escândalos'   , '...', FLOOR(RAND()*(50)+100)),
          (255 , 458, '2018-08-02', 'Novela'      , 'Antigos escândalos' , '...', FLOOR(RAND()*(50)+100)),
          (256 , 458, '2018-08-03', 'Novela'      , 'Escândalos futuros' , '...', FLOOR(RAND()*(50)+100)),
          (257 , 459, '2018-09-01', 'Novela'      , 'Novos Escândalos'   , '...', FLOOR(RAND()*(50)+100)),
          (258 , 459, '2018-09-02', 'Novela'      , 'Antigos escândalos' , '...', FLOOR(RAND()*(50)+100)),
          (259 , 459, '2018-09-03', 'Novela'      , 'Escândalos futuros' , '...', FLOOR(RAND()*(50)+100)),
          (260 , 460, '2018-10-01', 'Novela'      , 'Novos Escândalos'   , '...', FLOOR(RAND()*(50)+100)),
          (261 , 460, '2018-10-02', 'Novela'      , 'Antigos escândalos' , '...', FLOOR(RAND()*(50)+100)),
          (262 , 460, '2018-10-03', 'Novela'      , 'Escândalos futuros' , '...', FLOOR(RAND()*(50)+100)),
          (263 , 461, '2018-11-01', 'Novela'      , 'Novos Escândalos'   , '...', FLOOR(RAND()*(50)+100)),
          (264 , 461, '2018-11-02', 'Novela'      , 'Antigos escândalos' , '...', FLOOR(RAND()*(50)+100)),
          (265 , 461, '2018-11-03', 'Novela'      , 'Escândalos futuros' , '...', FLOOR(RAND()*(50)+100)),
          (266 , 512, '2018-01-01', 'Roupa'       , 'Roupa da moda'      , '...', FLOOR(RAND()*(50)+100)),
          (267 , 512, '2018-01-02', 'Joias'       , 'Joias mais caras'   , '...', FLOOR(RAND()*(50)+100)),
          (268 , 512, '2018-01-03', 'Malas'       , 'Malas mais caras'   , '...', FLOOR(RAND()*(50)+100)),
          (269 , 513, '2018-02-01', 'Roupa'       , 'Roupa da moda'      , '...', FLOOR(RAND()*(50)+100)),
          (270 , 513, '2018-02-02', 'Joias'       , 'Joias mais caras'   , '...', FLOOR(RAND()*(50)+100)),
          (271 , 513, '2018-02-03', 'Malas'       , 'Malas mais caras'   , '...', FLOOR(RAND()*(50)+100)),
          (272 , 514, '2018-03-01', 'Roupa'       , 'Roupa da moda'      , '...', FLOOR(RAND()*(50)+100)),
          (273 , 514, '2018-03-02', 'Joias'       , 'Joias mais caras'   , '...', FLOOR(RAND()*(50)+100)),
          (274 , 514, '2018-03-03', 'Malas'       , 'Malas mais caras'   , '...', FLOOR(RAND()*(50)+100)),
          (275 , 515, '2018-04-01', 'Roupa'       , 'Roupa da moda'      , '...', FLOOR(RAND()*(50)+100)),
          (276 , 515, '2018-04-02', 'Joias'       , 'Joias mais caras'   , '...', FLOOR(RAND()*(50)+100)),
          (277 , 515, '2018-04-03', 'Malas'       , 'Malas mais caras'   , '...', FLOOR(RAND()*(50)+100)),
          (278 , 516, '2018-05-01', 'Roupa'       , 'Roupa da moda'      , '...', FLOOR(RAND()*(50)+100)),
          (279 , 516, '2018-05-02', 'Joias'       , 'Joias mais caras'   , '...', FLOOR(RAND()*(50)+100)),
          (280 , 516, '2018-05-03', 'Malas'       , 'Malas mais caras'   , '...', FLOOR(RAND()*(50)+100)),
          (281 , 517, '2018-06-01', 'Roupa'       , 'Roupa da moda'      , '...', FLOOR(RAND()*(50)+100)),
          (282 , 517, '2018-06-02', 'Joias'       , 'Joias mais caras'   , '...', FLOOR(RAND()*(50)+100)),
          (283 , 517, '2018-06-03', 'Malas'       , 'Malas mais caras'   , '...', FLOOR(RAND()*(50)+100)),
          (284 , 518, '2018-07-01', 'Roupa'       , 'Roupa da moda'      , '...', FLOOR(RAND()*(50)+100)),
          (285 , 518, '2018-07-02', 'Joias'       , 'Joias mais caras'   , '...', FLOOR(RAND()*(50)+100)),
          (286 , 518, '2018-07-03', 'Malas'       , 'Malas mais caras'   , '...', FLOOR(RAND()*(50)+100)),
          (287 , 519, '2018-08-01', 'Roupa'       , 'Roupa da moda'      , '...', FLOOR(RAND()*(50)+100)),
          (288 , 519, '2018-08-02', 'Joias'       , 'Joias mais caras'   , '...', FLOOR(RAND()*(50)+100)),
          (289 , 519, '2018-08-03', 'Malas'       , 'Malas mais caras'   , '...', FLOOR(RAND()*(50)+100)),
          (290 , 520, '2018-09-01', 'Roupa'       , 'Roupa da moda'      , '...', FLOOR(RAND()*(50)+100)),
          (291 , 520, '2018-09-02', 'Joias'       , 'Joias mais caras'   , '...', FLOOR(RAND()*(50)+100)),
          (292 , 520, '2018-09-03', 'Malas'       , 'Malas mais caras'   , '...', FLOOR(RAND()*(50)+100)),
          (293 , 521, '2018-10-01', 'Roupa'       , 'Roupa da moda'      , '...', FLOOR(RAND()*(50)+100)),
          (294 , 521, '2018-10-02', 'Joias'       , 'Joias mais caras'   , '...', FLOOR(RAND()*(50)+100)),
          (295 , 521, '2018-10-03', 'Malas'       , 'Malas mais caras'   , '...', FLOOR(RAND()*(50)+100)),
          (296 , 522, '2018-11-01', 'Roupa'       , 'Roupa da moda'      , '...', FLOOR(RAND()*(50)+100)),
          (297 , 522, '2018-11-02', 'Joias'       , 'Joias mais caras'   , '...', FLOOR(RAND()*(50)+100)),
          (298 , 522, '2018-11-03', 'Malas'       , 'Malas mais caras'   , '...', FLOOR(RAND()*(50)+100)),
          (299 , 673, '2018-01-01', 'Roupa'       , 'Roupa bonita'       , '...', FLOOR(RAND()*(50)+100)),
          (300 , 673, '2018-01-02', 'Joias'       , 'Joias bonitas'      , '...', FLOOR(RAND()*(50)+100)),
          (301 , 673, '2018-01-03', 'Malas'       , 'Malas bonitas'      , '...', FLOOR(RAND()*(50)+100)),
          (302 , 676, '2018-03-01', 'Roupa'       , 'Roupa bonita'       , '...', FLOOR(RAND()*(50)+100)),
          (303 , 676, '2018-03-02', 'Joias'       , 'Joias bonitas'      , '...', FLOOR(RAND()*(50)+100)),
          (304 , 676, '2018-03-03', 'Malas'       , 'Malas bonitas'      , '...', FLOOR(RAND()*(50)+100)),
          (305 , 679, '2018-06-01', 'Roupa'       , 'Roupa bonita'       , '...', FLOOR(RAND()*(50)+100)),
          (306 , 679, '2018-06-02', 'Joias'       , 'Joias bonitas'      , '...', FLOOR(RAND()*(50)+100)),
          (307 , 679, '2018-06-03', 'Malas'       , 'Malas bonitas'      , '...', FLOOR(RAND()*(50)+100)),
          (308 , 573, '2018-01-01', 'Roupa'       , 'Roupa bonita'       , '...', FLOOR(RAND()*(50)+100)),
          (309 , 573, '2018-01-02', 'Automóveis'  , 'Carros da moda'     , '...', FLOOR(RAND()*(50)+100)),
          (310 , 576, '2018-03-01', 'Roupa'       , 'Roupa bonita'       , '...', FLOOR(RAND()*(50)+100)),
          (311 , 576, '2018-03-02', 'Automóveis'  , 'Carros da moda'     , '...', FLOOR(RAND()*(50)+100)),
          (312 , 576, '2018-03-03', 'Saúde'       , 'Como ficar saudável', '...', FLOOR(RAND()*(50)+100)),
          (313 , 579, '2018-09-01', 'Roupa'       , 'Roupa bonita'       , '...', FLOOR(RAND()*(50)+100)),
          (314 , 579, '2018-09-02', 'Automóveis'  , 'Carros da moda'     , '...', FLOOR(RAND()*(50)+100)),
          (315 , 579, '2018-09-03', 'Saúde'       , 'Como ficar saudável', '...', FLOOR(RAND()*(50)+100)),
          (316 , 473, '2018-01-01', 'Roupa'       , 'Roupa bonita'       , '...', FLOOR(RAND()*(50)+100)),
          (317 , 473, '2018-01-02', 'Maquilhagem' , 'Melhor maquilhagem' , '...', FLOOR(RAND()*(50)+100)),
          (318 , 473, '2018-01-03', 'Cabelo'      , 'Cortes fenomenais'  , '...', FLOOR(RAND()*(50)+100)),
          (319 , 476, '2018-03-01', 'Roupa'       , 'Roupa bonita'       , '...', FLOOR(RAND()*(50)+100)),
          (320 , 476, '2018-03-02', 'Maquilhagem' , 'Melhor maquilhagem' , '...', FLOOR(RAND()*(50)+100)),
          (321 , 476, '2018-03-03', 'Cabelo'      , 'Cortes fenomenais'  , '...', FLOOR(RAND()*(50)+100)),
          (322 , 479, '2018-09-01', 'Roupa'       , 'Roupa bonita'       , '...', FLOOR(RAND()*(50)+100)),
          (323 , 479, '2018-09-02', 'Maquilhagem' , 'Melhor maquilhagem' , '...', FLOOR(RAND()*(50)+100)),
          (324 , 479, '2018-09-03', 'Cabelo'      , 'Cortes fenomenais'  , '...', FLOOR(RAND()*(50)+100)),
          (325 , 751, '2018-01-01', 'Roupa'       , 'Roupa saudável'     , '...', FLOOR(RAND()*(50)+100)),
          (326 , 751, '2018-01-02', 'Saúde'       , 'Comida saudável'    , '...', FLOOR(RAND()*(50)+100)),
          (327 , 751, '2018-01-03', 'Saúde'       , 'Exercício Físico'   , '...', FLOOR(RAND()*(50)+100)),
          (328 , 752, '2018-02-01', 'Roupa'       , 'Roupa saudável'     , '...', FLOOR(RAND()*(50)+100)),
          (329 , 752, '2018-02-02', 'Saúde'       , 'Comida saudável'    , '...', FLOOR(RAND()*(50)+100)),
          (330 , 752, '2018-02-03', 'Saúde'       , 'Exercício Físico'   , '...', FLOOR(RAND()*(50)+100)),
          (331 , 753, '2018-03-01', 'Roupa'       , 'Roupa saudável'     , '...', FLOOR(RAND()*(50)+100)),
          (332 , 753, '2018-03-02', 'Saúde'       , 'Comida saudável'    , '...', FLOOR(RAND()*(50)+100)),
          (333 , 753, '2018-03-03', 'Saúde'       , 'Exercício Físico'   , '...', FLOOR(RAND()*(50)+100)),
          (334 , 754, '2018-04-01', 'Roupa'       , 'Roupa saudável'     , '...', FLOOR(RAND()*(50)+100)),
          (335 , 754, '2018-04-02', 'Saúde'       , 'Comida saudável'    , '...', FLOOR(RAND()*(50)+100)),
          (336 , 754, '2018-04-03', 'Saúde'       , 'Exercício Físico'   , '...', FLOOR(RAND()*(50)+100)),
          (337 , 755, '2018-05-01', 'Roupa'       , 'Roupa saudável'     , '...', FLOOR(RAND()*(50)+100)),
          (338 , 755, '2018-05-02', 'Saúde'       , 'Comida saudável'    , '...', FLOOR(RAND()*(50)+100)),
          (339 , 755, '2018-05-03', 'Saúde'       , 'Exercício Físico'   , '...', FLOOR(RAND()*(50)+100)),
          (340 , 756, '2018-06-01', 'Roupa'       , 'Roupa saudável'     , '...', FLOOR(RAND()*(50)+100)),
          (341 , 756, '2018-06-02', 'Saúde'       , 'Comida saudável'    , '...', FLOOR(RAND()*(50)+100)),
          (342 , 756, '2018-06-03', 'Saúde'       , 'Exercício Físico'   , '...', FLOOR(RAND()*(50)+100)),
          (343 , 757, '2018-07-01', 'Roupa'       , 'Roupa saudável'     , '...', FLOOR(RAND()*(50)+100)),
          (344 , 757, '2018-07-02', 'Saúde'       , 'Comida saudável'    , '...', FLOOR(RAND()*(50)+100)),
          (345 , 757, '2018-07-03', 'Saúde'       , 'Exercício Físico'   , '...', FLOOR(RAND()*(50)+100)),
          (346 , 758, '2018-08-01', 'Roupa'       , 'Roupa saudável'     , '...', FLOOR(RAND()*(50)+100)),
          (347 , 758, '2018-08-02', 'Saúde'       , 'Comida saudável'    , '...', FLOOR(RAND()*(50)+100)),
          (348 , 758, '2018-08-03', 'Saúde'       , 'Exercício Físico'   , '...', FLOOR(RAND()*(50)+100)),
          (349 , 759, '2018-09-01', 'Roupa'       , 'Roupa saudável'     , '...', FLOOR(RAND()*(50)+100)),
          (350 , 759, '2018-09-02', 'Saúde'       , 'Comida saudável'    , '...', FLOOR(RAND()*(50)+100)),
          (351 , 759, '2018-09-03', 'Saúde'       , 'Exercício Físico'   , '...', FLOOR(RAND()*(50)+100)),
          (352 , 760, '2018-10-01', 'Roupa'       , 'Roupa saudável'     , '...', FLOOR(RAND()*(50)+100)),
          (353 , 760, '2018-10-02', 'Saúde'       , 'Comida saudável'    , '...', FLOOR(RAND()*(50)+100)),
          (354 , 760, '2018-10-03', 'Saúde'       , 'Exercício Físico'   , '...', FLOOR(RAND()*(50)+100)),
          (355 , 761, '2018-11-01', 'Roupa'       , 'Roupa saudável'     , '...', FLOOR(RAND()*(50)+100)),
          (356 , 761, '2018-11-02', 'Saúde'       , 'Comida saudável'    , '...', FLOOR(RAND()*(50)+100)),
          (357 , 761, '2018-11-03', 'Saúde'       , 'Exercício Físico'   , '...', FLOOR(RAND()*(50)+100)),
          (358 , 771, '2018-01-01', 'Roupa'       , 'Roupa saudável'     , '...', FLOOR(RAND()*(50)+100)),
          (359 , 771, '2018-01-02', 'Saúde'       , 'Como ficar um bicho', '...', FLOOR(RAND()*(50)+100)),
          (360 , 771, '2018-01-03', 'Saúde'       , 'Exercício Físico'   , '...', FLOOR(RAND()*(50)+100)),
          (361 , 772, '2018-02-01', 'Roupa'       , 'Roupa saudável'     , '...', FLOOR(RAND()*(50)+100)),
          (362 , 772, '2018-02-02', 'Saúde'       , 'Como ficar um bicho', '...', FLOOR(RAND()*(50)+100)),
          (363 , 772, '2018-02-03', 'Saúde'       , 'Exercício Físico'   , '...', FLOOR(RAND()*(50)+100)),
          (364 , 773, '2018-03-01', 'Roupa'       , 'Roupa saudável'     , '...', FLOOR(RAND()*(50)+100)),
          (365 , 773, '2018-03-02', 'Saúde'       , 'Como ficar um bicho', '...', FLOOR(RAND()*(50)+100)),
          (366 , 773, '2018-03-03', 'Saúde'       , 'Exercício Físico'   , '...', FLOOR(RAND()*(50)+100)),
          (367 , 774, '2018-04-01', 'Roupa'       , 'Roupa saudável'     , '...', FLOOR(RAND()*(50)+100)),
          (368 , 774, '2018-04-02', 'Saúde'       , 'Como ficar um bicho', '...', FLOOR(RAND()*(50)+100)),
          (369 , 774, '2018-04-03', 'Saúde'       , 'Exercício Físico'   , '...', FLOOR(RAND()*(50)+100)),
          (370 , 775, '2018-05-01', 'Roupa'       , 'Roupa saudável'     , '...', FLOOR(RAND()*(50)+100)),
          (371 , 775, '2018-05-02', 'Saúde'       , 'Como ficar um bicho', '...', FLOOR(RAND()*(50)+100)),
          (372 , 775, '2018-05-03', 'Saúde'       , 'Exercício Físico'   , '...', FLOOR(RAND()*(50)+100)),
          (373 , 776, '2018-06-01', 'Roupa'       , 'Roupa saudável'     , '...', FLOOR(RAND()*(50)+100)),
          (374 , 776, '2018-06-02', 'Saúde'       , 'Como ficar um bicho', '...', FLOOR(RAND()*(50)+100)),
          (375 , 776, '2018-06-03', 'Saúde'       , 'Exercício Físico'   , '...', FLOOR(RAND()*(50)+100)),
          (376 , 777, '2018-07-01', 'Roupa'       , 'Roupa saudável'     , '...', FLOOR(RAND()*(50)+100)),
          (377 , 777, '2018-07-02', 'Saúde'       , 'Como ficar um bicho', '...', FLOOR(RAND()*(50)+100)),
          (378 , 777, '2018-07-03', 'Saúde'       , 'Exercício Físico'   , '...', FLOOR(RAND()*(50)+100)),
          (379 , 778, '2018-08-01', 'Roupa'       , 'Roupa saudável'     , '...', FLOOR(RAND()*(50)+100)),
          (380 , 778, '2018-08-02', 'Saúde'       , 'Como ficar um bicho', '...', FLOOR(RAND()*(50)+100)),
          (381 , 778, '2018-08-03', 'Saúde'       , 'Exercício Físico'   , '...', FLOOR(RAND()*(50)+100)),
          (382 , 779, '2018-09-01', 'Roupa'       , 'Roupa saudável'     , '...', FLOOR(RAND()*(50)+100)),
          (383 , 779, '2018-09-02', 'Saúde'       , 'Como ficar um bicho', '...', FLOOR(RAND()*(50)+100)),
          (384 , 779, '2018-09-03', 'Saúde'       , 'Exercício Físico'   , '...', FLOOR(RAND()*(50)+100)),
          (385 , 780, '2018-10-01', 'Roupa'       , 'Roupa saudável'     , '...', FLOOR(RAND()*(50)+100)),
          (386 , 780, '2018-10-02', 'Saúde'       , 'Como ficar um bicho', '...', FLOOR(RAND()*(50)+100)),
          (387 , 780, '2018-10-03', 'Saúde'       , 'Exercício Físico'   , '...', FLOOR(RAND()*(50)+100)),
          (388 , 781, '2018-11-01', 'Roupa'       , 'Roupa saudável'     , '...', FLOOR(RAND()*(50)+100)),
          (389 , 781, '2018-11-02', 'Saúde'       , 'Como ficar um bicho', '...', FLOOR(RAND()*(50)+100)),
          (390 , 781, '2018-11-03', 'Saúde'       , 'Exercício Físico'   , '...', FLOOR(RAND()*(50)+100)),
          (391 , 433, '2018-01-01', 'Moda'        , 'Roupa LGBT'         , '...', FLOOR(RAND()*(50)+100)),
          (392 , 433, '2018-01-02', 'Desporto'    , 'Basquetebol de luxo', '...', FLOOR(RAND()*(50)+100)),
          (393 , 433, '2018-01-03', 'Bedidas'     , 'Os melhores cocktails' , '...', FLOOR(RAND()*(50)+100)),
          (394 , 436, '2018-03-01', 'Moda'        , 'Roupa LGBT'         , '...', FLOOR(RAND()*(50)+100)),
          (395 , 436, '2018-03-02', 'Desporto'    , 'Basquetebol de luxo', '...', FLOOR(RAND()*(50)+100)),
          (396 , 436, '2018-03-03', 'Bedidas'     , 'Os melhores cocktails' , '...', FLOOR(RAND()*(50)+100)),
          (397 , 439, '2018-09-01', 'Moda'        , 'Roupa LGBT'         , '...', FLOOR(RAND()*(50)+100)),
          (398 , 439, '2018-09-02', 'Desporto'    , 'Basquetebol de luxo', '...', FLOOR(RAND()*(50)+100)),
          (399 , 439, '2018-09-03', 'Bedidas'     , 'Os melhores cocktails' , '...', FLOOR(RAND()*(50)+100)),
          (1000, 1014, '2018-01-31' , 'Motores'  , 'Nova Honda'           , '...', FLOOR(RAND()*(50)+100)),
          (999 , 1014, '2018-02-25' , 'Motores'  , 'Nova Kawasaki'        , '...', FLOOR(RAND()*(50)+100)),
          (998 , 1014, '2018-03-02' , 'Economia' , 'Poupe combustivel'    , '...', FLOOR(RAND()*(50)+100)),
          (997 , 1024, '2018-04-30' , 'Motores'  , 'Nova BMW'             , '...', FLOOR(RAND()*(50)+100)),
          (996 , 1024, '2018-04-25' , 'Motores'  , 'Nova Suzuki'          , '...', FLOOR(RAND()*(50)+100)),
          (995 , 1024, '2018-05-02' , 'Economia' , 'Poupe nos Pneus'      , '...', FLOOR(RAND()*(50)+100)),
          (994 , 1034, '2018-06-30' , 'Motores'  , 'Nova travagem ...'    , '...', FLOOR(RAND()*(50)+100)),
          (993 , 1034, '2018-07-25' , 'Motores'  , 'Novo Motor Harley'    , '...', FLOOR(RAND()*(50)+100)),
          (992 , 1034, '2018-07-02' , 'Economia' , 'Como ter ...'         , '...', FLOOR(RAND()*(50)+100)),
          (991 , 1013, '2018-01-30' , 'Motores'  , 'Novo BMW'             , '...', FLOOR(RAND()*(50)+100)),
          (990 , 1013, '2018-02-25' , 'Motores'  , 'Novo Mercedes'        , '...', FLOOR(RAND()*(50)+100)),
          (989 , 1013, '2018-03-02' , 'Economia' , 'Poupe combustivel'    , '...', FLOOR(RAND()*(50)+100)),
          (988 , 1023, '2018-04-30' , 'Motores'  , 'Nova Honda'           , '...', FLOOR(RAND()*(50)+100)),
          (987 , 1023, '2018-04-25' , 'Motores'  , 'Nova Suzuki'          , '...', FLOOR(RAND()*(50)+100)),
          (986 , 1023, '2018-05-02' , 'Economia' , 'Poupe nos Pneus'      , '...', FLOOR(RAND()*(50)+100)),
          (985 , 1033, '2018-06-30' , 'Motores'  , 'Nova travagem ...'    , '...', FLOOR(RAND()*(50)+100)),
          (984 , 1033, '2018-07-25' , 'Motores'  , 'Novo Motor Mazda'     , '...', FLOOR(RAND()*(50)+100)),
          (983 , 1033, '2018-07-02' , 'Economia' , 'Como ter ...'         , '...', FLOOR(RAND()*(50)+100)),
          (982 , 1012, '2018-01-29' , 'Motores'  , 'Novo BMW'             , '...', FLOOR(RAND()*(50)+100)),
          (981 , 1012, '2018-02-21' , 'Motores'  , 'Novo Mercedes'        , '...', FLOOR(RAND()*(50)+100)),
          (980 , 1012, '2018-03-02' , 'Economia' , 'Poupe combustivel'    , '...', FLOOR(RAND()*(50)+100)),
          (979 , 1022, '2018-04-30' , 'Motores'  , 'Nova Honda'           , '...', FLOOR(RAND()*(50)+100)),
          (978 , 1022, '2018-04-23' , 'Motores'  , 'Nova Suzuki'          , '...', FLOOR(RAND()*(50)+100)),
          (977 , 1022, '2018-05-01' , 'Economia' , 'Poupe nos Pneus'      , '...', FLOOR(RAND()*(50)+100)),
          (976 , 1032, '2018-06-30' , 'Motores'  , 'Nova travagem ...'    , '...', FLOOR(RAND()*(50)+100)),
          (975 , 1032, '2018-07-24' , 'Motores'  , 'Novo Motor Mazda'     , '...', FLOOR(RAND()*(50)+100)),
          (974 , 1032, '2018-07-02' , 'Economia' , 'Como ter ...'         , '...', FLOOR(RAND()*(50)+100)),
          (973 , 1011, '2018-01-30' , 'Motores'  , 'Novo BMW'             , '...', FLOOR(RAND()*(50)+100)),
          (972 , 1011, '2018-02-23' , 'Motores'  , 'Novo Mercedes'        , '...', FLOOR(RAND()*(50)+100)),
          (971 , 1011, '2018-03-01' , 'Economia' , 'Poupe combustivel'    , '...', FLOOR(RAND()*(50)+100)),
          (970 , 1021, '2018-04-30' , 'Motores'  , 'Nova Honda'           , '...', FLOOR(RAND()*(50)+100)),
          (969 , 1021, '2018-04-23' , 'Motores'  , 'Nova Suzuki'          , '...', FLOOR(RAND()*(50)+100)),
          (968 , 1021, '2018-05-01' , 'Economia' , 'Poupe nos Pneus'      , '...', FLOOR(RAND()*(50)+100)),
          (967 , 1031, '2018-06-30' , 'Motores'  , 'Nova travagem ...'    , '...', FLOOR(RAND()*(50)+100)),
          (966 , 1031, '2018-07-24' , 'Motores'  , 'Novo Motor Mazda'     , '...', FLOOR(RAND()*(50)+100)),
          (965 , 1031, '2018-07-02' , 'Economia' , 'Como ter ...'         , '...', FLOOR(RAND()*(50)+100)),
          (964 , 1071, '2018-01-29' , 'Motores'  , 'Novo BMW'             , '...', FLOOR(RAND()*(50)+100)),
          (963 , 1071, '2018-02-21' , 'Motores'  , 'Novo Mercedes'        , '...', FLOOR(RAND()*(50)+100)),
          (962 , 1071, '2018-03-02' , 'Economia' , 'Poupe combustivel'    , '...', FLOOR(RAND()*(50)+100)),
          (961 , 1081, '2018-04-30' , 'Motores'  , 'Nova Honda'           , '...', FLOOR(RAND()*(50)+100)),
          (960 , 1081, '2018-04-23' , 'Motores'  , 'Nova Suzuki'          , '...', FLOOR(RAND()*(50)+100)),
          (959 , 1081, '2018-05-01' , 'Economia' , 'Poupe nos Pneus'      , '...', FLOOR(RAND()*(50)+100)),
          (958 , 1091, '2018-06-30' , 'Motores'  , 'Nova travagem ...'    , '...', FLOOR(RAND()*(50)+100)),
          (957 , 1091, '2018-07-24' , 'Motores'  , 'Novo Motor Mazda'     , '...', FLOOR(RAND()*(50)+100)),
          (956 , 1091, '2018-07-02' , 'Economia' , 'Como ter ...'         , '...', FLOOR(RAND()*(50)+100)),
          (955 , 1200, '2018-01-29' , 'Motores'  , 'Novo BMW'             , '...', FLOOR(RAND()*(50)+100)),
          (954 , 1300, '2018-02-21' , 'Motores'  , 'Novo Mercedes'        , '...', FLOOR(RAND()*(50)+100)),
          (953 , 1300, '2018-03-02' , 'Economia' , 'Poupe combustivel'    , '...', FLOOR(RAND()*(50)+100)),
          (952 , 1400, '2018-04-30' , 'Motores'  , 'Nova Honda'           , '...', FLOOR(RAND()*(50)+100)),
          (951 , 1400, '2018-04-23' , 'Motores'  , 'Nova Suzuki'          , '...', FLOOR(RAND()*(50)+100)),
          (950 , 1400, '2018-05-01' , 'Economia' , 'Poupe nos Pneus'      , '...', FLOOR(RAND()*(50)+100)),
          (949 , 1500, '2018-06-30' , 'Motores'  , 'Nova travagem ...'    , '...', FLOOR(RAND()*(50)+100)),
          (948 , 1500, '2018-07-24' , 'Motores'  , 'Novo Motor Mazda'     , '...', FLOOR(RAND()*(50)+100)),
          (947 , 1500, '2018-07-02' , 'Economia' , 'Como ter ...'         , '...', FLOOR(RAND()*(50)+100)),
          (946 , 1096, '2018-05-01' , 'Tecnologia', 'Intel'               , '...', FLOOR(RAND()*(50)+100)),
          (945 , 1096, '2018-04-30' , 'Tecnologia', 'AMD'                 , '...', FLOOR(RAND()*(50)+100)),
          (944 , 1097, '2018-05-01' , 'Tecnologia', 'NVIDIA'              , '...', FLOOR(RAND()*(50)+100)),
          (943 , 1097, '2018-05-30' , 'Tecnologia', 'Radeon'              , '...', FLOOR(RAND()*(50)+100)),
          (942 , 1098, '2018-06-01' , 'Tecnologia', 'Water Colling'       , '...', FLOOR(RAND()*(50)+100)),
          (941 , 1098, '2018-06-30' , 'Tecnologia', 'Nova Caixa'          , '...', FLOOR(RAND()*(50)+100)),
          (940 , 1099, '2018-07-01' , 'Tecnologia', 'Nova Linguagem'      , '...', FLOOR(RAND()*(50)+100)),
          (939 , 1099, '2018-06-30' , 'Tecnologia', 'Scripts'             , '...', FLOOR(RAND()*(50)+100)),
          (938 , 996 , '2018-05-01' , 'Tecnologia', 'Intel'               , '...', FLOOR(RAND()*(50)+100)),
          (937 , 996 , '2018-04-30' , 'Tecnologia', 'AMD'                 , '...', FLOOR(RAND()*(50)+100)),
          (936 , 997 , '2018-05-01' , 'Tecnologia', 'NVIDIA'              , '...', FLOOR(RAND()*(50)+100)),
          (935 , 997 , '2018-05-30' , 'Tecnologia', 'Radeon'              , '...', FLOOR(RAND()*(50)+100)),
          (934 , 998 , '2018-06-01' , 'Tecnologia', 'Water Colling'       , '...', FLOOR(RAND()*(50)+100)),
          (933 , 998 , '2018-06-30' , 'Tecnologia', 'Nova Caixa'          , '...', FLOOR(RAND()*(50)+100)),
          (932 , 999 , '2018-07-01' , 'Tecnologia', 'Nova Linguagem'      , '...', FLOOR(RAND()*(50)+100)),
          (931 , 999 , '2018-06-30' , 'Tecnologia', 'Scripts'             , '...', FLOOR(RAND()*(50)+100)),
          (924 , 975 , '2018-05-01' , 'Tecnologia', 'Intel'               , '...', FLOOR(RAND()*(50)+100)),
          (923 , 975 , '2018-04-30' , 'Tecnologia', 'AMD'                 , '...', FLOOR(RAND()*(50)+100)),
          (922 , 976 , '2018-05-01' , 'Tecnologia', 'NVIDIA'              , '...', FLOOR(RAND()*(50)+100)),
          (921 , 976 , '2018-05-30' , 'Tecnologia', 'Radeon'              , '...', FLOOR(RAND()*(50)+100)),
          (920 , 977 , '2018-06-01' , 'Tecnologia', 'Water Colling'       , '...', FLOOR(RAND()*(50)+100)),
          (919 , 977 , '2018-06-30' , 'Tecnologia', 'Nova Caixa'          , '...', FLOOR(RAND()*(50)+100)),
          (918 , 965 , '2018-01-01' , 'Tecnologia', 'Intel'               , '...', FLOOR(RAND()*(50)+100)),
          (917 , 965 , '2018-02-28' , 'Tecnologia', 'AMD'                 , '...', FLOOR(RAND()*(50)+100)),
          (916 , 966 , '2018-05-01' , 'Tecnologia', 'NVIDIA'              , '...', FLOOR(RAND()*(50)+100)),
          (915 , 966 , '2018-05-30' , 'Tecnologia', 'Radeon'              , '...', FLOOR(RAND()*(50)+100)),
          (914 , 967 , '2018-06-01' , 'Tecnologia', 'Water Colling'       , '...', FLOOR(RAND()*(50)+100)),
          (913 , 967 , '2018-06-30' , 'Tecnologia', 'Nova Caixa'          , '...', FLOOR(RAND()*(50)+100)),
          (912 , 933 , '2018-01-01' , 'Tecnologia', 'Intel'               , '...', FLOOR(RAND()*(50)+100)),
          (911 , 934 , '2018-02-28' , 'Tecnologia', 'AMD'                 , '...', FLOOR(RAND()*(50)+100)),
          (910 , 935 , '2018-03-30' , 'Tecnologia', 'Rifas'               , '...', FLOOR(RAND()*(50)+100)),
          (909 , 936 , '2018-05-01' , 'Tecnologia', 'NVIDIA'              , '...', FLOOR(RAND()*(50)+100)),
          (908 , 937 , '2018-05-30' , 'Tecnologia', 'Radeon'              , '...', FLOOR(RAND()*(50)+100)),
          (907 , 938 , '2018-06-01' , 'Tecnologia', 'Water Colling'       , '...', FLOOR(RAND()*(50)+100)),
          (906 , 938 , '2018-06-30' , 'Tecnologia', 'Nova Caixa'          , '...', FLOOR(RAND()*(50)+100)),
          (905 , 939 , '2018-07-30' , 'Tecnologia', 'The Witcher'         , '...', FLOOR(RAND()*(50)+100)),
          (904 , 940 , '2018-08-30' , 'Tecnologia', 'GTA'                 , '...', FLOOR(RAND()*(50)+100)),
          (903 , 941 , '2018-09-30' , 'Tecnologia', 'RTX'                 , '...', FLOOR(RAND()*(50)+100)),
          (902 , 942 , '2018-10-30' , 'Tecnologia', 'RDR 2'               , '...', FLOOR(RAND()*(50)+100)),
          (901 , 815 , '2018-05-01' , 'Saúde'     , 'HIV'                 , '...', FLOOR(RAND()*(50)+100)),
          (900 , 816 , '2018-05-30' , 'Saúde'     , 'Hepatite'            , '...', FLOOR(RAND()*(50)+100)),
          (899 , 817 , '2018-06-01' , 'Saúde'     , 'Cancro'              , '...', FLOOR(RAND()*(50)+100)),
          (898 , 817 , '2018-06-30' , 'Saúde'     , 'Cifilis'             , '...', FLOOR(RAND()*(50)+100)),
          (897 , 818 , '2018-07-30' , 'Saúde'     , 'Gonorreia'           , '...', FLOOR(RAND()*(50)+100)),
          (896 , 819 , '2018-08-30' , 'Saúde'     , 'Sintomas'            , '...', FLOOR(RAND()*(50)+100)),
          (895 , 820 , '2018-09-30' , 'Saúde'     , 'Dicas'               , '...', FLOOR(RAND()*(50)+100)),
          (894 , 821 , '2018-10-30' , 'Saúde'     , 'Novo penso'          , '...', FLOOR(RAND()*(50)+100)),
          (893 , 805 , '2018-05-01' , 'Família'   , 'Cuidados'            , '...', FLOOR(RAND()*(50)+100)),
          (892 , 806 , '2018-05-30' , 'Família'   , 'Roupa'               , '...', FLOOR(RAND()*(50)+100)),
          (891 , 807 , '2018-06-01' , 'Família'   , 'Cuidados'            , '...', FLOOR(RAND()*(50)+100)),
          (890 , 807 , '2018-06-30' , 'Família'   , 'Roupa'               , '...', FLOOR(RAND()*(50)+100)),
          (889 , 808 , '2018-07-30' , 'Família'   , 'Cuidados'            , '...', FLOOR(RAND()*(50)+100)),
          (888 , 809 , '2018-08-30' , 'Família'   , 'Roupa'               , '...', FLOOR(RAND()*(50)+100)),
          (887 , 810 , '2018-09-30' , 'Família'   , 'Cuidados'            , '...', FLOOR(RAND()*(50)+100)),
          (886 , 811 , '2018-10-30' , 'Família'   , 'Roupa'               , '...', FLOOR(RAND()*(50)+100)),
          (885 , 465 , '2018-01-30' , 'Desporto'  , 'Tacos do mês'        , '...', FLOOR(RAND()*(50)+100)),
          (884 , 465 , '2018-01-15' , 'Economia'  , 'O boraco perfeito'   , '...', FLOOR(RAND()*(50)+100)),
          (883 , 465 , '2018-01-30' , 'Desporto'  , 'Sapatos'             , '...', FLOOR(RAND()*(50)+100)),
          (882 , 465 , '2018-02-28' , 'Economia'  , 'Cuidados'            , '...', FLOOR(RAND()*(50)+100)),
          (881 , 465 , '2018-02-28' , 'Desporto'  , 'Caddis'              , '...', FLOOR(RAND()*(50)+100)),
          (880 , 466 , '2018-04-30' , 'Desporto'  , 'Tacos do mês'        , '...', FLOOR(RAND()*(50)+100)),
          (879 , 466 , '2018-04-15' , 'Economia'  , 'O boraco perfeito'   , '...', FLOOR(RAND()*(50)+100)),
          (878 , 466 , '2018-04-30' , 'Desporto'  , 'Sapatos'             , '...', FLOOR(RAND()*(50)+100)),
          (877 , 466 , '2018-05-30' , 'Economia'  , 'Cuidados'            , '...', FLOOR(RAND()*(50)+100)),
          (876 , 466 , '2018-05-30' , 'Desporto'  , 'Caddis'              , '...', FLOOR(RAND()*(50)+100)),
          (875 , 467 , '2018-07-30' , 'Desporto'  , 'Tacos do mês'        , '...', FLOOR(RAND()*(50)+100)),
          (874 , 467 , '2018-07-15' , 'Economia'  , 'O boraco perfeito'   , '...', FLOOR(RAND()*(50)+100)),
          (873 , 467 , '2018-07-30' , 'Desporto'  , 'Sapatos'             , '...', FLOOR(RAND()*(50)+100)),
          (872 , 467 , '2018-08-30' , 'Economia'  , 'Cuidados'            , '...', FLOOR(RAND()*(50)+100)),
          (871 , 467 , '2018-08-30' , 'Desporto'  , 'Caddis'              , '...', FLOOR(RAND()*(50)+100)),
          (870 , 400 , '2018-01-30' , 'Desporto'  , 'Quadros'             , '...', FLOOR(RAND()*(50)+100)),
          (869 , 400 , '2018-01-15' , 'Economia'  , 'Suspensão'           , '...', FLOOR(RAND()*(50)+100)),
          (868 , 400 , '2018-01-30' , 'Desporto'  , 'Sapatos'             , '...', FLOOR(RAND()*(50)+100)),
          (867 , 400 , '2018-02-28' , 'Economia'  , 'Cuidados'            , '...', FLOOR(RAND()*(50)+100)),
          (866 , 400 , '2018-02-28' , 'Desporto'  , 'Pneus'               , '...', FLOOR(RAND()*(50)+100)),
          (865 , 401 , '2018-04-30' , 'Desporto'  , 'Quadros'             , '...', FLOOR(RAND()*(50)+100)),
          (864 , 401 , '2018-04-15' , 'Economia'  , 'Suspensão'           , '...', FLOOR(RAND()*(50)+100)),
          (863 , 401 , '2018-04-30' , 'Desporto'  , 'Sapatos'             , '...', FLOOR(RAND()*(50)+100)),
          (862 , 401 , '2018-05-30' , 'Economia'  , 'Cuidados'            , '...', FLOOR(RAND()*(50)+100)),
          (861 , 401 , '2018-05-30' , 'Desporto'  , 'Pneus'               , '...', FLOOR(RAND()*(50)+100)),
          (860 , 402 , '2018-07-30' , 'Desporto'  , 'Quadros'             , '...', FLOOR(RAND()*(50)+100)),
          (859 , 402 , '2018-07-15' , 'Economia'  , 'Suspensão'           , '...', FLOOR(RAND()*(50)+100)),
          (858 , 402 , '2018-07-30' , 'Desporto'  , 'Sapatos'             , '...', FLOOR(RAND()*(50)+100)),
          (857 , 402 , '2018-08-30' , 'Economia'  , 'Cuidados'            , '...', FLOOR(RAND()*(50)+100)),
          (856 , 402 , '2018-08-30' , 'Desporto'  , 'Pneus'               , '...', FLOOR(RAND()*(50)+100)),
          (855 , 490 , '2018-01-30' , 'Desporto'  , 'Chuteiras'           , '...', FLOOR(RAND()*(50)+100)),
          (854 , 490 , '2018-01-15' , 'Economia'  , 'Caneleiras'          , '...', FLOOR(RAND()*(50)+100)),
          (853 , 490 , '2018-01-30' , 'Desporto'  , 'Sapatilhas'          , '...', FLOOR(RAND()*(50)+100)),
          (852 , 490 , '2018-02-28' , 'Economia'  , 'Cuidados'            , '...', FLOOR(RAND()*(50)+100)),
          (851 , 490 , '2018-02-28' , 'Desporto'  , 'Equipamento'         , '...', FLOOR(RAND()*(50)+100)),
          (850 , 491 , '2018-04-30' , 'Desporto'  , 'Chuteiras'           , '...', FLOOR(RAND()*(50)+100)),
          (849 , 491 , '2018-04-15' , 'Economia'  , 'Caneleiras'          , '...', FLOOR(RAND()*(50)+100)),
          (848 , 491 , '2018-04-30' , 'Desporto'  , 'Sapatilhas'          , '...', FLOOR(RAND()*(50)+100)),
          (847 , 491 , '2018-05-30' , 'Economia'  , 'Cuidados'            , '...', FLOOR(RAND()*(50)+100)),
          (846 , 491 , '2018-05-30' , 'Desporto'  , 'Equipamento'         , '...', FLOOR(RAND()*(50)+100)),
          (845 , 492 , '2018-07-30' , 'Desporto'  , 'Chuteiras'           , '...', FLOOR(RAND()*(50)+100)),
          (844 , 492 , '2018-07-15' , 'Economia'  , 'Caneleiras'          , '...', FLOOR(RAND()*(50)+100)),
          (843 , 492 , '2018-07-30' , 'Desporto'  , 'Sapatilhas'          , '...', FLOOR(RAND()*(50)+100)),
          (842 , 492 , '2018-08-30' , 'Economia'  , 'Cuidados'            , '...', FLOOR(RAND()*(50)+100)),
          (841 , 492 , '2018-08-30' , 'Desporto'  , 'Equipamento'         , '...', FLOOR(RAND()*(50)+100)),
          (840 , 871 , '2018-01-03' , 'Desporto'  , 'Academia'            , '...', FLOOR(RAND()*(50)+100)),
          (839 , 871 , '2018-01-05' , 'Economia'  , 'Presidente'          , '...', FLOOR(RAND()*(50)+100)),
          (838 , 871 , '2018-01-03' , 'Desporto'  , 'Liga Europa'         , '...', FLOOR(RAND()*(50)+100)),
          (837 , 871 , '2018-01-02' , 'Economia'  , 'Socio'               , '...', FLOOR(RAND()*(50)+100)),
          (836 , 871 , '2018-01-02' , 'Desporto'  , 'Equipamento'         , '...', FLOOR(RAND()*(50)+100)),
          (835 , 872 , '2018-02-03' , 'Desporto'  , 'Academia'            , '...', FLOOR(RAND()*(50)+100)),
          (834 , 872 , '2018-02-05' , 'Economia'  , 'Presidente'          , '...', FLOOR(RAND()*(50)+100)),
          (833 , 872 , '2018-02-03' , 'Desporto'  , 'Liga Europa'         , '...', FLOOR(RAND()*(50)+100)),
          (832 , 872 , '2018-02-02' , 'Economia'  , 'Socio'               , '...', FLOOR(RAND()*(50)+100)),
          (831 , 872 , '2018-02-02' , 'Desporto'  , 'Equipamento'         , '...', FLOOR(RAND()*(50)+100)),
          (830 , 875 , '2018-05-03' , 'Desporto'  , 'Academia'            , '...', FLOOR(RAND()*(50)+100)),
          (829 , 875 , '2018-05-05' , 'Economia'  , 'Presidente'          , '...', FLOOR(RAND()*(50)+100)),
          (828 , 875 , '2018-05-03' , 'Desporto'  , 'Liga Europa'         , '...', FLOOR(RAND()*(50)+100)),
          (827 , 875 , '2018-05-02' , 'Economia'  , 'Socio'               , '...', FLOOR(RAND()*(50)+100)),
          (826 , 875 , '2018-05-02' , 'Desporto'  , 'Equipamento'         , '...', FLOOR(RAND()*(50)+100)),
          (825 , 878 , '2018-08-03' , 'Desporto'  , 'Academia'            , '...', FLOOR(RAND()*(50)+100)),
          (824 , 878 , '2018-08-05' , 'Economia'  , 'Presidente'          , '...', FLOOR(RAND()*(50)+100)),
          (823 , 878 , '2018-08-03' , 'Desporto'  , 'Liga Europa'         , '...', FLOOR(RAND()*(50)+100)),
          (822 , 878 , '2018-08-02' , 'Economia'  , 'Socio'               , '...', FLOOR(RAND()*(50)+100)),
          (821 , 878 , '2018-08-02' , 'Desporto'  , 'Equipamento'         , '...', FLOOR(RAND()*(50)+100)),
          (820 , 881 , '2018-11-03' , 'Desporto'  , 'Academia'            , '...', FLOOR(RAND()*(50)+100)),
          (819 , 881 , '2018-11-05' , 'Economia'  , 'Presidente'          , '...', FLOOR(RAND()*(50)+100)),
          (818 , 881 , '2018-11-03' , 'Desporto'  , 'Liga Europa'         , '...', FLOOR(RAND()*(50)+100)),
          (817 , 881 , '2018-11-02' , 'Economia'  , 'Socio'               , '...', FLOOR(RAND()*(50)+100)),
          (1840 , 851 , '2018-01-03' , 'Desporto'  , 'Academia'            , '...', FLOOR(RAND()*(50)+100)),
          (1839 , 851 , '2018-01-05' , 'Economia'  , 'Presidente'          , '...', FLOOR(RAND()*(50)+100)),
          (1838 , 851 , '2018-01-03' , 'Desporto'  , 'Champions'           , '...', FLOOR(RAND()*(50)+100)),
          (1837 , 851 , '2018-01-02' , 'Economia'  , 'Socio'               , '...', FLOOR(RAND()*(50)+100)),
          (1836 , 851 , '2018-01-02' , 'Desporto'  , 'Equipamento'         , '...', FLOOR(RAND()*(50)+100)),
          (1835 , 852 , '2018-02-03' , 'Desporto'  , 'Academia'            , '...', FLOOR(RAND()*(50)+100)),
          (1834 , 852 , '2018-02-05' , 'Economia'  , 'Presidente'          , '...', FLOOR(RAND()*(50)+100)),
          (1833 , 852 , '2018-02-03' , 'Desporto'  , 'Champions'           , '...', FLOOR(RAND()*(50)+100)),
          (1832 , 852 , '2018-02-02' , 'Economia'  , 'Socio'               , '...', FLOOR(RAND()*(50)+100)),
          (1831 , 852 , '2018-02-02' , 'Desporto'  , 'Equipamento'         , '...', FLOOR(RAND()*(50)+100)),
          (1830 , 855 , '2018-05-03' , 'Desporto'  , 'Academia'            , '...', FLOOR(RAND()*(50)+100)),
          (1829 , 855 , '2018-05-05' , 'Economia'  , 'Presidente'          , '...', FLOOR(RAND()*(50)+100)),
          (1828 , 855 , '2018-05-03' , 'Desporto'  , 'Champions'           , '...', FLOOR(RAND()*(50)+100)),
          (1827 , 855 , '2018-05-02' , 'Economia'  , 'Socio'               , '...', FLOOR(RAND()*(50)+100)),
          (1826 , 855 , '2018-05-02' , 'Desporto'  , 'Equipamento'         , '...', FLOOR(RAND()*(50)+100)),
          (1825 , 858 , '2018-08-03' , 'Desporto'  , 'Academia'            , '...', FLOOR(RAND()*(50)+100)),
          (1824 , 858 , '2018-08-05' , 'Economia'  , 'Presidente'          , '...', FLOOR(RAND()*(50)+100)),
          (1823 , 858 , '2018-08-03' , 'Desporto'  , 'Champions'           , '...', FLOOR(RAND()*(50)+100)),
          (1822 , 858 , '2018-08-02' , 'Economia'  , 'Socio'               , '...', FLOOR(RAND()*(50)+100)),
          (1821 , 858 , '2018-08-02' , 'Desporto'  , 'Equipamento'         , '...', FLOOR(RAND()*(50)+100)),    
          (1820 , 861 , '2018-11-03' , 'Desporto'  , 'Academia'            , '...', FLOOR(RAND()*(50)+100)),
          (1819 , 861 , '2018-11-05' , 'Economia'  , 'Presidente'          , '...', FLOOR(RAND()*(50)+100)),
          (1818 , 861 , '2018-11-03' , 'Desporto'  , 'Champions'           , '...', FLOOR(RAND()*(50)+100)),
          (1817 , 861 , '2018-11-02' , 'Economia'  , 'Socio'               , '...', FLOOR(RAND()*(50)+100)),
          (1816 , 861 , '2018-11-02' , 'Desporto'  , 'Equipamento'         , '...', FLOOR(RAND()*(50)+100)),
          (1815 , 831 , '2018-01-03' , 'Desporto'  , 'Academia'            , '...', FLOOR(RAND()*(50)+100)),
          (1814 , 831 , '2018-01-05' , 'Economia'  , 'Presidente'          , '...', FLOOR(RAND()*(50)+100)),
          (1813 , 831 , '2018-01-03' , 'Desporto'  , 'Champions'           , '...', FLOOR(RAND()*(50)+100)),
          (1812 , 831 , '2018-01-02' , 'Economia'  , 'Socio'               , '...', FLOOR(RAND()*(50)+100)),
          (1811 , 831 , '2018-01-02' , 'Desporto'  , 'Equipamento'         , '...', FLOOR(RAND()*(50)+100)),
          (1810 , 832 , '2018-02-03' , 'Desporto'  , 'Academia'            , '...', FLOOR(RAND()*(50)+100)),
          (1809 , 832 , '2018-02-05' , 'Economia'  , 'Presidente'          , '...', FLOOR(RAND()*(50)+100)),
          (1808 , 832 , '2018-02-03' , 'Desporto'  , 'Champions'           , '...', FLOOR(RAND()*(50)+100)),
          (807 , 832 , '2018-02-02' , 'Economia'  , 'Socio'               , '...', FLOOR(RAND()*(50)+100)),
          (806 , 832 , '2018-02-02' , 'Desporto'  , 'Equipamento'         , '...', FLOOR(RAND()*(50)+100)),
          (805 , 835 , '2018-05-03' , 'Desporto'  , 'Academia'            , '...', FLOOR(RAND()*(50)+100)),
          (804 , 835 , '2018-05-05' , 'Economia'  , 'Presidente'          , '...', FLOOR(RAND()*(50)+100)),
          (803 , 835 , '2018-05-03' , 'Desporto'  , 'Champions'           , '...', FLOOR(RAND()*(50)+100)),
          (802 , 835 , '2018-05-02' , 'Economia'  , 'Socio'               , '...', FLOOR(RAND()*(50)+100)),
          (801 , 835 , '2018-05-02' , 'Desporto'  , 'Equipamento'         , '...', FLOOR(RAND()*(50)+100)),
          (800 , 838 , '2018-08-03' , 'Desporto'  , 'Academia'            , '...', FLOOR(RAND()*(50)+100)),
          (799 , 838 , '2018-08-05' , 'Economia'  , 'Presidente'          , '...', FLOOR(RAND()*(50)+100)),
          (798 , 838 , '2018-08-03' , 'Desporto'  , 'Champions'           , '...', FLOOR(RAND()*(50)+100)),
          (797 , 838 , '2018-08-02' , 'Economia'  , 'Socio'               , '...', FLOOR(RAND()*(50)+100)),
          (796 , 838 , '2018-08-02' , 'Desporto'  , 'Equipamento'         , '...', FLOOR(RAND()*(50)+100)),     
          (795 , 841 , '2018-11-03' , 'Desporto'  , 'Academia'            , '...', FLOOR(RAND()*(50)+100)),
          (794 , 841 , '2018-11-05' , 'Economia'  , 'Presidente'          , '...', FLOOR(RAND()*(50)+100)),
          (793 , 841 , '2018-11-03' , 'Desporto'  , 'Champions'           , '...', FLOOR(RAND()*(50)+100)),
          (792 , 841 , '2018-11-02' , 'Economia'  , 'Socio'               , '...', FLOOR(RAND()*(50)+100)),
          (791 , 841 , '2018-11-02' , 'Desporto'  , 'Equipamento'         , '...', FLOOR(RAND()*(50)+100)),
          (790 , 403 , '2018-02-03' , 'Sociedade' , 'Academia'            , '...', FLOOR(RAND()*(50)+100)),
          (789 , 403 , '2018-02-05' , 'Economia'  , 'Poupe'               , '...', FLOOR(RAND()*(50)+100)),
          (788 , 403 , '2018-02-03' , 'Sociedade' , 'Viva Melhor'         , '...', FLOOR(RAND()*(50)+100)),
          (787 , 403 , '2018-02-02' , 'Economia'  , 'Cartões'             , '...', FLOOR(RAND()*(50)+100)),
          (786 , 403 , '2018-02-02' , 'Sociedade' , 'Equipamento'         , '...', FLOOR(RAND()*(50)+100)),
          (785 , 406 , '2018-05-03' , 'Sociedade' , 'Academia'            , '...', FLOOR(RAND()*(50)+100)),
          (784 , 406 , '2018-05-05' , 'Economia'  , 'Poupe'               , '...', FLOOR(RAND()*(50)+100)),
          (783 , 406 , '2018-05-03' , 'Sociedade' , 'Viva Melhor'         , '...', FLOOR(RAND()*(50)+100)),
          (782 , 406 , '2018-05-02' , 'Economia'  , 'Cartões'             , '...', FLOOR(RAND()*(50)+100)),
          (781 , 406 , '2018-05-02' , 'Sociedade' , 'Equipamento'         , '...', FLOOR(RAND()*(50)+100)),
          (780 , 409 , '2018-08-03' , 'Sociedade' , 'Academia'            , '...', FLOOR(RAND()*(50)+100)),
          (779 , 409 , '2018-08-05' , 'Economia'  , 'Poupe'               , '...', FLOOR(RAND()*(50)+100)),
          (778 , 409 , '2018-08-03' , 'Sociedade' , 'Viva Melhor'         , '...', FLOOR(RAND()*(50)+100)),
          (777 , 409 , '2018-08-02' , 'Economia'  , 'Cartões'             , '...', FLOOR(RAND()*(50)+100)),
          (776 , 409 , '2018-08-02' , 'Sociedade' , 'Equipamento'         , '...', FLOOR(RAND()*(50)+100)),
          (775 , 493 , '2018-02-03' , 'Sociedade' , 'Academia'            , '...', FLOOR(RAND()*(50)+100)),
          (774 , 493 , '2018-02-05' , 'Economia'  , 'Poupe'               , '...', FLOOR(RAND()*(50)+100)),
          (773 , 493 , '2018-02-03' , 'Sociedade' , 'Viva Melhor'         , '...', FLOOR(RAND()*(50)+100)),
          (772 , 493 , '2018-02-02' , 'Economia'  , 'Cartões'             , '...', FLOOR(RAND()*(50)+100)),
          (771 , 493 , '2018-02-02' , 'Sociedade' , 'Equipamento'         , '...', FLOOR(RAND()*(50)+100)),
          (770 , 496 , '2018-05-03' , 'Sociedade' , 'Academia'            , '...', FLOOR(RAND()*(50)+100)),
          (769 , 496 , '2018-05-05' , 'Economia'  , 'Poupe'               , '...', FLOOR(RAND()*(50)+100)),
          (768 , 496 , '2018-05-03' , 'Sociedade' , 'Viva Melhor'         , '...', FLOOR(RAND()*(50)+100)),
          (767 , 496 , '2018-05-02' , 'Economia'  , 'Cartões'             , '...', FLOOR(RAND()*(50)+100)),
          (766 , 496 , '2018-05-02' , 'Sociedade' , 'Equipamento'         , '...', FLOOR(RAND()*(50)+100)),
          (765 , 499 , '2018-08-03' , 'Sociedade' , 'Academia'            , '...', FLOOR(RAND()*(50)+100)),
          (764 , 499 , '2018-08-05' , 'Economia'  , 'Poupe'               , '...', FLOOR(RAND()*(50)+100)),
          (763 , 499 , '2018-08-03' , 'Sociedade' , 'Viva Melhor'         , '...', FLOOR(RAND()*(50)+100)),
          (762 , 499 , '2018-08-02' , 'Economia'  , 'Cartões'             , '...', FLOOR(RAND()*(50)+100)),
          (761 , 499 , '2018-08-02' , 'Sociedade' , 'Equipamento'         , '...', FLOOR(RAND()*(50)+100)),        
          (760 , 632 , '2018-01-03' , 'Sociedade' , 'Academia'            , '...', FLOOR(RAND()*(50)+100)),
          (759 , 632 , '2018-01-05' , 'Economia'  , 'Poupe'               , '...', FLOOR(RAND()*(50)+100)),
          (758 , 632 , '2018-01-03' , 'Sociedade' , 'Viva Melhor'         , '...', FLOOR(RAND()*(50)+100)),
          (757 , 632 , '2018-01-02' , 'Economia'  , 'Cartões'             , '...', FLOOR(RAND()*(50)+100)),
          (756 , 632 , '2018-01-02' , 'Sociedade' , 'Equipamento'         , '...', FLOOR(RAND()*(50)+100)),   
          (755 , 633 , '2018-02-03' , 'Sociedade' , 'Academia'            , '...', FLOOR(RAND()*(50)+100)),
          (754 , 633 , '2018-02-05' , 'Economia'  , 'Poupe'               , '...', FLOOR(RAND()*(50)+100)),
          (753 , 633 , '2018-02-03' , 'Sociedade' , 'Viva Melhor'         , '...', FLOOR(RAND()*(50)+100)),
          (752 , 633 , '2018-02-02' , 'Economia'  , 'Cartões'             , '...', FLOOR(RAND()*(50)+100)),
          (751 , 633 , '2018-02-02' , 'Sociedade' , 'Equipamento'         , '...', FLOOR(RAND()*(50)+100)),
          (750 , 634 , '2018-03-03' , 'Sociedade' , 'Academia'            , '...', FLOOR(RAND()*(50)+100)),
          (749 , 634 , '2018-03-05' , 'Economia'  , 'Poupe'               , '...', FLOOR(RAND()*(50)+100)),
          (748 , 634 , '2018-03-03' , 'Sociedade' , 'Viva Melhor'         , '...', FLOOR(RAND()*(50)+100)),
          (747 , 634 , '2018-03-02' , 'Economia'  , 'Cartões'             , '...', FLOOR(RAND()*(50)+100)),
          (746 , 634 , '2018-03-02' , 'Sociedade' , 'Equipamento'         , '...', FLOOR(RAND()*(50)+100)),        
          (745 , 635 , '2018-04-03' , 'Sociedade' , 'Academia'            , '...', FLOOR(RAND()*(50)+100)),
          (744 , 635 , '2018-04-05' , 'Economia'  , 'Poupe'               , '...', FLOOR(RAND()*(50)+100)),
          (743 , 635 , '2018-04-03' , 'Sociedade' , 'Viva Melhor'         , '...', FLOOR(RAND()*(50)+100)),
          (742 , 635 , '2018-04-02' , 'Economia'  , 'Cartões'             , '...', FLOOR(RAND()*(50)+100)),
          (741 , 635 , '2018-04-02' , 'Sociedade' , 'Equipamento'         , '...', FLOOR(RAND()*(50)+100)),        
          (740 , 636 , '2018-05-03' , 'Sociedade' , 'Academia'            , '...', FLOOR(RAND()*(50)+100)),
          (739 , 636 , '2018-05-05' , 'Economia'  , 'Poupe'               , '...', FLOOR(RAND()*(50)+100)),
          (738 , 636 , '2018-05-03' , 'Sociedade' , 'Viva Melhor'         , '...', FLOOR(RAND()*(50)+100)),
          (737 , 636 , '2018-05-02' , 'Economia'  , 'Cartões'             , '...', FLOOR(RAND()*(50)+100)),
          (736 , 636 , '2018-05-02' , 'Sociedade' , 'Equipamento'         , '...', FLOOR(RAND()*(50)+100)),     
          (735 , 637 , '2018-06-03' , 'Sociedade' , 'Academia'            , '...', FLOOR(RAND()*(50)+100)),
          (734 , 637 , '2018-06-05' , 'Economia'  , 'Poupe'               , '...', FLOOR(RAND()*(50)+100)),
          (733 , 637 , '2018-06-03' , 'Sociedade' , 'Viva Melhor'         , '...', FLOOR(RAND()*(50)+100)),
          (732 , 637 , '2018-06-02' , 'Economia'  , 'Cartões'             , '...', FLOOR(RAND()*(50)+100)),
          (731 , 637 , '2018-06-02' , 'Sociedade' , 'Equipamento'         , '...', FLOOR(RAND()*(50)+100)),     
          (730 , 638 , '2018-07-03' , 'Sociedade' , 'Academia'            , '...', FLOOR(RAND()*(50)+100)),
          (729 , 638 , '2018-07-05' , 'Economia'  , 'Poupe'               , '...', FLOOR(RAND()*(50)+100)),
          (728 , 638 , '2018-07-03' , 'Sociedade' , 'Viva Melhor'         , '...', FLOOR(RAND()*(50)+100)),
          (727 , 638 , '2018-07-02' , 'Economia'  , 'Cartões'             , '...', FLOOR(RAND()*(50)+100)),
          (726 , 638 , '2018-07-02' , 'Sociedade' , 'Equipamento'         , '...', FLOOR(RAND()*(50)+100)),     
          (725 , 639 , '2018-08-03' , 'Sociedade' , 'Academia'            , '...', FLOOR(RAND()*(50)+100)),
          (724 , 639 , '2018-08-05' , 'Economia'  , 'Poupe'               , '...', FLOOR(RAND()*(50)+100)),
          (723 , 639 , '2018-08-03' , 'Sociedade' , 'Viva Melhor'         , '...', FLOOR(RAND()*(50)+100)),
          (722 , 639 , '2018-08-02' , 'Economia'  , 'Cartões'             , '...', FLOOR(RAND()*(50)+100)),
          (721 , 639 , '2018-08-02' , 'Sociedade' , 'Equipamento'         , '...', FLOOR(RAND()*(50)+100)),   
          (720 , 640 , '2018-09-03' , 'Sociedade' , 'Academia'            , '...', FLOOR(RAND()*(50)+100)),
          (719 , 640 , '2018-09-05' , 'Economia'  , 'Poupe'               , '...', FLOOR(RAND()*(50)+100)),
          (718 , 640 , '2018-09-03' , 'Sociedade' , 'Viva Melhor'         , '...', FLOOR(RAND()*(50)+100)),
          (717 , 640 , '2018-09-02' , 'Economia'  , 'Cartões'             , '...', FLOOR(RAND()*(50)+100)),
          (716 , 640 , '2018-09-02' , 'Sociedade' , 'Equipamento'         , '...', FLOOR(RAND()*(50)+100)),        
          (715 , 641 , '2018-10-03' , 'Sociedade' , 'Academia'            , '...', FLOOR(RAND()*(50)+100)),
          (714 , 641 , '2018-10-05' , 'Economia'  , 'Poupe'               , '...', FLOOR(RAND()*(50)+100)),
          (713 , 641 , '2018-10-03' , 'Sociedade' , 'Viva Melhor'         , '...', FLOOR(RAND()*(50)+100)),
          (712 , 641 , '2018-10-02' , 'Economia'  , 'Cartões'             , '...', FLOOR(RAND()*(50)+100)),
          (711 , 641 , '2018-10-02' , 'Sociedade' , 'Equipamento'         , '...', FLOOR(RAND()*(50)+100)),       
          (710 , 642 , '2018-11-03' , 'Sociedade' , 'Academia'            , '...', FLOOR(RAND()*(50)+100)),
          (709 , 642 , '2018-11-05' , 'Economia'  , 'Poupe'               , '...', FLOOR(RAND()*(50)+100)),
          (708 , 642 , '2018-11-03' , 'Sociedade' , 'Viva Melhor'         , '...', FLOOR(RAND()*(50)+100)),
          (707 , 642 , '2018-11-02' , 'Economia'  , 'Cartões'             , '...', FLOOR(RAND()*(50)+100)),
          (706 , 642 , '2018-11-02' , 'Sociedade' , 'Equipamento'         , '...', FLOOR(RAND()*(50)+100)),     
          (705 , 532 , '2018-01-03' , 'Sociedade' , 'Academia'            , '...', FLOOR(RAND()*(50)+100)),
          (704 , 532 , '2018-01-05' , 'Economia'  , 'Poupe'               , '...', FLOOR(RAND()*(50)+100)),
          (703 , 532 , '2018-01-03' , 'Sociedade' , 'Viva Melhor'         , '...', FLOOR(RAND()*(50)+100)),
          (702 , 532 , '2018-01-02' , 'Economia'  , 'Cartões'             , '...', FLOOR(RAND()*(50)+100)),
          (701 , 532 , '2018-01-02' , 'Sociedade' , 'Equipamento'         , '...', FLOOR(RAND()*(50)+100)),   
          (700 , 533 , '2018-02-03' , 'Sociedade' , 'Academia'            , '...', FLOOR(RAND()*(50)+100)),
          (699 , 533 , '2018-02-05' , 'Economia'  , 'Poupe'               , '...', FLOOR(RAND()*(50)+100)),
          (698 , 533 , '2018-02-03' , 'Sociedade' , 'Viva Melhor'         , '...', FLOOR(RAND()*(50)+100)),
          (697 , 533 , '2018-02-02' , 'Economia'  , 'Cartões'             , '...', FLOOR(RAND()*(50)+100)),
          (696 , 533 , '2018-02-02' , 'Sociedade' , 'Equipamento'         , '...', FLOOR(RAND()*(50)+100)),
          (695 , 534 , '2018-03-03' , 'Sociedade' , 'Academia'            , '...', FLOOR(RAND()*(50)+100)),
          (694 , 534 , '2018-03-05' , 'Economia'  , 'Poupe'               , '...', FLOOR(RAND()*(50)+100)),
          (693 , 534 , '2018-03-03' , 'Sociedade' , 'Viva Melhor'         , '...', FLOOR(RAND()*(50)+100)),
          (692 , 534 , '2018-03-02' , 'Economia'  , 'Cartões'             , '...', FLOOR(RAND()*(50)+100)),
          (691 , 534 , '2018-03-02' , 'Sociedade' , 'Equipamento'         , '...', FLOOR(RAND()*(50)+100)),        
          (690 , 535 , '2018-04-03' , 'Sociedade' , 'Academia'            , '...', FLOOR(RAND()*(50)+100)),
          (689 , 535 , '2018-04-05' , 'Economia'  , 'Poupe'               , '...', FLOOR(RAND()*(50)+100)),
          (688 , 535 , '2018-04-03' , 'Sociedade' , 'Viva Melhor'         , '...', FLOOR(RAND()*(50)+100)),
          (687 , 535 , '2018-04-02' , 'Economia'  , 'Cartões'             , '...', FLOOR(RAND()*(50)+100)),
          (686 , 535 , '2018-04-02' , 'Sociedade' , 'Equipamento'         , '...', FLOOR(RAND()*(50)+100)),        
          (685 , 536 , '2018-05-03' , 'Sociedade' , 'Academia'            , '...', FLOOR(RAND()*(50)+100)),
          (684 , 536 , '2018-05-05' , 'Economia'  , 'Poupe'               , '...', FLOOR(RAND()*(50)+100)),
          (683 , 536 , '2018-05-03' , 'Sociedade' , 'Viva Melhor'         , '...', FLOOR(RAND()*(50)+100)),
          (682 , 536 , '2018-05-02' , 'Economia'  , 'Cartões'             , '...', FLOOR(RAND()*(50)+100)),
          (681 , 536 , '2018-05-02' , 'Sociedade' , 'Equipamento'         , '...', FLOOR(RAND()*(50)+100)),     
          (680 , 537 , '2018-06-03' , 'Sociedade' , 'Academia'            , '...', FLOOR(RAND()*(50)+100)),
          (679 , 537 , '2018-06-05' , 'Economia'  , 'Poupe'               , '...', FLOOR(RAND()*(50)+100)),
          (678 , 537 , '2018-06-03' , 'Sociedade' , 'Viva Melhor'         , '...', FLOOR(RAND()*(50)+100)),
          (677 , 537 , '2018-06-02' , 'Economia'  , 'Cartões'             , '...', FLOOR(RAND()*(50)+100)),
          (676 , 537 , '2018-06-02' , 'Sociedade' , 'Equipamento'         , '...', FLOOR(RAND()*(50)+100)),     
          (675 , 538 , '2018-07-03' , 'Sociedade' , 'Academia'            , '...', FLOOR(RAND()*(50)+100)),
          (674 , 538 , '2018-07-05' , 'Economia'  , 'Poupe'               , '...', FLOOR(RAND()*(50)+100)),
          (673 , 538 , '2018-07-03' , 'Sociedade' , 'Viva Melhor'         , '...', FLOOR(RAND()*(50)+100)),
          (672 , 538 , '2018-07-02' , 'Economia'  , 'Cartões'             , '...', FLOOR(RAND()*(50)+100)),
          (671 , 538 , '2018-07-02' , 'Sociedade' , 'Equipamento'         , '...', FLOOR(RAND()*(50)+100)),     
          (670 , 539 , '2018-08-03' , 'Sociedade' , 'Academia'            , '...', FLOOR(RAND()*(50)+100)),
          (669 , 539 , '2018-08-05' , 'Economia'  , 'Poupe'               , '...', FLOOR(RAND()*(50)+100)),
          (668 , 539 , '2018-08-03' , 'Sociedade' , 'Viva Melhor'         , '...', FLOOR(RAND()*(50)+100)),
          (667 , 539 , '2018-08-02' , 'Economia'  , 'Cartões'             , '...', FLOOR(RAND()*(50)+100)),
          (666 , 539 , '2018-08-02' , 'Sociedade' , 'Equipamento'         , '...', FLOOR(RAND()*(50)+100)),   
          (665 , 540 , '2018-09-03' , 'Sociedade' , 'Academia'            , '...', FLOOR(RAND()*(50)+100)),
          (664 , 540 , '2018-09-05' , 'Economia'  , 'Poupe'               , '...', FLOOR(RAND()*(50)+100)),
          (663 , 540 , '2018-09-03' , 'Sociedade' , 'Viva Melhor'         , '...', FLOOR(RAND()*(50)+100)),
          (662 , 540 , '2018-09-02' , 'Economia'  , 'Cartões'             , '...', FLOOR(RAND()*(50)+100)),
          (661 , 540 , '2018-09-02' , 'Sociedade' , 'Equipamento'         , '...', FLOOR(RAND()*(50)+100)),        
          (660 , 541 , '2018-10-03' , 'Sociedade' , 'Academia'            , '...', FLOOR(RAND()*(50)+100)),
          (659 , 541 , '2018-10-05' , 'Economia'  , 'Poupe'               , '...', FLOOR(RAND()*(50)+100)),
          (658 , 541 , '2018-10-03' , 'Sociedade' , 'Viva Melhor'         , '...', FLOOR(RAND()*(50)+100)),
          (657 , 541 , '2018-10-02' , 'Economia'  , 'Cartões'             , '...', FLOOR(RAND()*(50)+100)),
          (656 , 541 , '2018-10-02' , 'Sociedade' , 'Equipamento'         , '...', FLOOR(RAND()*(50)+100)),       
          (655 , 542 , '2018-11-03' , 'Sociedade' , 'Academia'            , '...', FLOOR(RAND()*(50)+100)),
          (654 , 542 , '2018-11-05' , 'Economia'  , 'Poupe'               , '...', FLOOR(RAND()*(50)+100)),
          (653 , 542 , '2018-11-03' , 'Sociedade' , 'Viva Melhor'         , '...', FLOOR(RAND()*(50)+100)),
          (652 , 542 , '2018-11-02' , 'Economia'  , 'Cartões'             , '...', FLOOR(RAND()*(50)+100)),
          (651 , 542 , '2018-11-02' , 'Sociedade' , 'Equipamento'         , '...', FLOOR(RAND()*(50)+100)),       
          (650 , 711 , '2018-01-03' , 'Ele'       , 'Sabado com os amigos', '...', FLOOR(RAND()*(50)+100)),
          (649 , 711 , '2018-01-05' , 'Despoto'   , 'Jogo de badminton'   , '...', FLOOR(RAND()*(50)+100)),
          (648 , 711 , '2018-01-03' , 'Ele'       , 'Viva Melhor'         , '...', FLOOR(RAND()*(50)+100)),
          (647 , 711 , '2018-01-02' , 'Desporto'  , 'Cartão Amarelo'      , '...', FLOOR(RAND()*(50)+100)),
          (646 , 711 , '2018-01-02' , 'Despoto'   , 'Equipamento'         , '...', FLOOR(RAND()*(50)+100)),   
          (645 , 712 , '2018-01-03' , 'Ele'       , 'Sabado com os amigos', '...', FLOOR(RAND()*(50)+100)),
          (644 , 712 , '2018-01-05' , 'Despoto'   , 'Jogo de badminton'   , '...', FLOOR(RAND()*(50)+100)),
          (643 , 712 , '2018-01-03' , 'Ele'       , 'Viva Melhor'         , '...', FLOOR(RAND()*(50)+100)),
          (642 , 712 , '2018-01-02' , 'Desporto'  , 'Cartão Amarelo'      , '...', FLOOR(RAND()*(50)+100)),
          (641 , 712 , '2018-01-02' , 'Despoto'   , 'Equipamento'         , '...', FLOOR(RAND()*(50)+100)),     
          (640 , 713 , '2018-01-03' , 'Ele'       , 'Sabado com os amigos', '...', FLOOR(RAND()*(50)+100)),
          (639 , 713 , '2018-01-05' , 'Despoto'   , 'Jogo de badminton'   , '...', FLOOR(RAND()*(50)+100)),
          (638 , 713 , '2018-01-03' , 'Ele'       , 'Viva Melhor'         , '...', FLOOR(RAND()*(50)+100)),
          (637 , 713 , '2018-01-02' , 'Desporto'  , 'Cartão Amarelo'      , '...', FLOOR(RAND()*(50)+100)),
          (636 , 713 , '2018-01-02' , 'Despoto'   , 'Equipamento'         , '...', FLOOR(RAND()*(50)+100)),        
          (635 , 714 , '2018-01-03' , 'Ele'       , 'Sabado com os amigos', '...', FLOOR(RAND()*(50)+100)),
          (634 , 714 , '2018-01-05' , 'Despoto'   , 'Jogo de badminton'   , '...', FLOOR(RAND()*(50)+100)),
          (633 , 714 , '2018-01-03' , 'Ele'       , 'Viva Melhor'         , '...', FLOOR(RAND()*(50)+100)),
          (632 , 714 , '2018-01-02' , 'Desporto'  , 'Cartão Amarelo'      , '...', FLOOR(RAND()*(50)+100)),
          (631 , 714 , '2018-01-02' , 'Despoto'   , 'Equipamento'         , '...', FLOOR(RAND()*(50)+100)),         
          (630 , 715 , '2018-01-03' , 'Ele'       , 'Sabado com os amigos', '...', FLOOR(RAND()*(50)+100)),
          (629 , 715 , '2018-01-05' , 'Despoto'   , 'Jogo de badminton'   , '...', FLOOR(RAND()*(50)+100)),
          (628 , 715 , '2018-01-03' , 'Ele'       , 'Viva Melhor'         , '...', FLOOR(RAND()*(50)+100)),
          (627 , 715 , '2018-01-02' , 'Desporto'  , 'Cartão Amarelo'      , '...', FLOOR(RAND()*(50)+100)),
          (626 , 715 , '2018-01-02' , 'Despoto'   , 'Equipamento'         , '...', FLOOR(RAND()*(50)+100)),       
          (625 , 716 , '2018-01-03' , 'Ele'       , 'Sabado com os amigos', '...', FLOOR(RAND()*(50)+100)),
          (624 , 716 , '2018-01-05' , 'Despoto'   , 'Jogo de badminton'   , '...', FLOOR(RAND()*(50)+100)),
          (623 , 716 , '2018-01-03' , 'Ele'       , 'Viva Melhor'         , '...', FLOOR(RAND()*(50)+100)),
          (622 , 716 , '2018-01-02' , 'Desporto'  , 'Cartão Amarelo'      , '...', FLOOR(RAND()*(50)+100)),
          (621 , 716 , '2018-01-02' , 'Despoto'   , 'Equipamento'         , '...', FLOOR(RAND()*(50)+100)),           
          (620 , 717 , '2018-01-03' , 'Ele'       , 'Sabado com os amigos', '...', FLOOR(RAND()*(50)+100)),
          (619 , 717 , '2018-01-05' , 'Despoto'   , 'Jogo de badminton'   , '...', FLOOR(RAND()*(50)+100)),
          (618 , 717 , '2018-01-03' , 'Ele'       , 'Viva Melhor'         , '...', FLOOR(RAND()*(50)+100)),
          (617 , 717 , '2018-01-02' , 'Desporto'  , 'Cartão Amarelo'      , '...', FLOOR(RAND()*(50)+100)),
          (616 , 717 , '2018-01-02' , 'Despoto'   , 'Equipamento'         , '...', FLOOR(RAND()*(50)+100)),             
          (615 , 718 , '2018-01-03' , 'Ele'       , 'Sabado com os amigos', '...', FLOOR(RAND()*(50)+100)),
          (614 , 718 , '2018-01-05' , 'Despoto'   , 'Jogo de badminton'   , '...', FLOOR(RAND()*(50)+100)),
          (613 , 718 , '2018-01-03' , 'Ele'       , 'Viva Melhor'         , '...', FLOOR(RAND()*(50)+100)),
          (612 , 718 , '2018-01-02' , 'Desporto'  , 'Cartão Amarelo'      , '...', FLOOR(RAND()*(50)+100)),
          (611 , 718 , '2018-01-02' , 'Despoto'   , 'Equipamento'         , '...', FLOOR(RAND()*(50)+100)),            
          (610 , 719 , '2018-01-03' , 'Ele'       , 'Sabado com os amigos', '...', FLOOR(RAND()*(50)+100)),
          (609 , 719 , '2018-01-05' , 'Despoto'   , 'Jogo de badminton'   , '...', FLOOR(RAND()*(50)+100)),
          (608 , 719 , '2018-01-03' , 'Ele'       , 'Viva Melhor'         , '...', FLOOR(RAND()*(50)+100)),
          (607 , 719 , '2018-01-02' , 'Desporto'  , 'Cartão Amarelo'      , '...', FLOOR(RAND()*(50)+100)),
          (606 , 719 , '2018-01-02' , 'Despoto'   , 'Equipamento'         , '...', FLOOR(RAND()*(50)+100)),             
          (605 , 720 , '2018-01-03' , 'Ele'       , 'Sabado com os amigos', '...', FLOOR(RAND()*(50)+100)),
          (604 , 720 , '2018-01-05' , 'Despoto'   , 'Jogo de badminton'   , '...', FLOOR(RAND()*(50)+100)),
          (603 , 720 , '2018-01-03' , 'Ele'       , 'Viva Melhor'         , '...', FLOOR(RAND()*(50)+100)),
          (602 , 720 , '2018-01-02' , 'Desporto'  , 'Cartão Amarelo'      , '...', FLOOR(RAND()*(50)+100)),
          (601 , 720 , '2018-01-02' , 'Despoto'   , 'Equipamento'         , '...', FLOOR(RAND()*(50)+100)),            
          (600 , 721 , '2018-01-03' , 'Ele'       , 'Sabado com os amigos', '...', FLOOR(RAND()*(50)+100)),
          (599 , 721 , '2018-01-05' , 'Despoto'   , 'Jogo de badminton'   , '...', FLOOR(RAND()*(50)+100)),
          (598 , 721 , '2018-01-03' , 'Ele'       , 'Viva Melhor'         , '...', FLOOR(RAND()*(50)+100)),
          (597 , 721 , '2018-01-02' , 'Desporto'  , 'Cartão Amarelo'      , '...', FLOOR(RAND()*(50)+100)),
          (596 , 721 , '2018-01-02' , 'Despoto'   , 'Equipamento'         , '...', FLOOR(RAND()*(50)+100)),   
          (595 , 430 , '2018-02-03' , 'Ele'       , 'Amigos'              , '...', FLOOR(RAND()*(50)+100)),
          (594 , 430 , '2018-02-05' , 'Moda'      , 'Estilo para Primavera', '...', FLOOR(RAND()*(50)+100)),
          (593 , 430 , '2018-02-03' , 'Familia'   , 'Uma casa Melhor'     , '...', FLOOR(RAND()*(50)+100)),
          (592 , 430 , '2018-02-02' , 'Moda'      , 'Sapatos Primavera'   , '...', FLOOR(RAND()*(50)+100)),
          (591 , 430 , '2018-02-02' , 'Moda'      , 'Chiclets'            , '...', FLOOR(RAND()*(50)+100)),   
          (590 , 431 , '2018-05-03' , 'Ele'       , 'Amigos'              , '...', FLOOR(RAND()*(50)+100)),
          (589 , 431 , '2018-05-05' , 'Moda'      , 'Estilo para Verão'   , '...', FLOOR(RAND()*(50)+100)),
          (588 , 431 , '2018-05-03' , 'Familia'   , 'Uma casa Melhor'     , '...', FLOOR(RAND()*(50)+100)),
          (587 , 431 , '2018-05-02' , 'Moda'      , 'Sapatos Verão'       , '...', FLOOR(RAND()*(50)+100)),
          (586 , 431 , '2018-05-02' , 'Moda'      , 'Chiclets'            , '...', FLOOR(RAND()*(50)+100)),   
          (585 , 432 , '2018-08-03' , 'Ele'       , 'Amigos'              , '...', FLOOR(RAND()*(50)+100)),
          (584 , 432 , '2018-08-05' , 'Moda'      , 'Estilo para Outono'  , '...', FLOOR(RAND()*(50)+100)),
          (583 , 432 , '2018-08-03' , 'Familia'   , 'Uma casa Melhor'     , '...', FLOOR(RAND()*(50)+100)),
          (582 , 432 , '2018-08-02' , 'Moda'      , 'Sapatos Inverno'     , '...', FLOOR(RAND()*(50)+100)),
          (581 , 432 , '2018-08-02' , 'Moda'      , 'Chiclets'            , '...', FLOOR(RAND()*(50)+100));   

--------------------------------------------------------------------------------
-- Povoamento da tabela 'Escritor'
INSERT INTO Escritor
     (ID, Nome)
     VALUES
          (1 , 'Ezequiel Benancio'),
          (2 , 'Rogerio Furão'),
          (3 , 'Amilcar Lopez'),
          (4 , 'Carina Zimbabue'),
          (5 , 'Lurdes Ferreira'),
          (6 , 'Simão Sampaio'),
          (7 , 'Carlos Costa'),
          (8 , 'Felipe Sousa'),
          (9 , 'Megan Schmitz'),
          (10, 'Jenifer Cruz'),
          (11, 'Luis Reis'),
          (12, 'António Serafim'),
          (13, 'Gilberto Campos'),
          (14, 'Maria Antonieta'),
          (15, 'Francisco Pereira'),
          (16, 'Sebastião Morto'),
          (17, 'Miguel Meireles');

--------------------------------------------------------------------------------
-- Povoamento da tabela 'AnuncioRevista'

DELIMITER $$
CREATE PROCEDURE Fill_AnuncioRevista()
BEGIN
	SET @es_total = 35;
	SET @cnt = 1;
    SET @LM = 1;
	WHILE (@cnt <= 1500) DO
        IF EXISTS (SELECT * FROM Revista WHERE ID = @cnt) THEN
			 BEGIN
				WHILE (@LM < 10) DO
					SET @r = FLOOR(RAND()*@es_total+1);
					IF NOT EXISTS (SELECT * FROM AnuncioRevista WHERE (Revista_ID = @cnt) AND (Anuncio_ID = @r)) THEN
						BEGIN
							INSERT INTO AnuncioRevista
							(Anuncio_ID, Revista_ID)
							VALUES
							  (@r, @cnt);
						END;
					END IF;
                    SET @LM = @LM + 1;
				END WHILE;
			 END;
		END IF;
		SET @cnt = @cnt + 1;
        SET @LM = 1;
	END WHILE;   
END$$

CALL Fill_AnuncioRevista();
          
--------------------------------------------------------------------------------
-- Povoamento da tabela 'EscritorArtigo'

DELIMITER $$
CREATE PROCEDURE Fill_EscritorArtigo()
BEGIN
	SET @es_total = 17;
	SET @cnt = 1;
    SET @LM = 1;
	WHILE (@cnt <= 2000) DO
		IF EXISTS (SELECT * FROM Artigo WHERE ID = @cnt) THEN
			BEGIN
				WHILE (@LM < 4) DO
					SET @r = FLOOR(RAND()*@es_total+1);
					IF NOT EXISTS (SELECT * FROM EscritorArtigo WHERE (Artigo_ID = @cnt) AND (Escritor_ID = @r)) THEN
						BEGIN
							INSERT INTO EscritorArtigo
							(Artigo_ID, Escritor_ID)
							VALUES
							  (@cnt, @r);
						END;
					END IF;
                    SET @LM = @LM + 1;
				END WHILE;
			 END;
		END IF;
		SET @cnt = @cnt + 1;
        SET @LM = 1;
	END WHILE;   
END$$

CALL Fill_EscritorArtigo();

